Site Name,Continent,Country,Flag,Type,Endangered
"18th-Century Royal Palace at Caserta with the Park, the Aqueduct of Vanvitelli, and the San Leucio Complex",Europe,Italy,ğŸ‡®ğŸ‡¹,Cultural,No
Aachen Cathedral,Europe,Germany,ğŸ‡©ğŸ‡ª,Cultural,No
Aapravasi Ghat,Africa,Mauritius,ğŸ‡²ğŸ‡º,Cultural,No
Aasivissuit â€“ Nipisat. Inuit Hunting Ground between Ice and Sea,Europe,Denmark,ğŸ‡©ğŸ‡°,Cultural,No
Abbey Church of Saint-Savin sur Gartempe,Europe,France,ğŸ‡«ğŸ‡·,Cultural,No
Abbey and AltenmÃ¼nster of Lorsch,Europe,Germany,ğŸ‡©ğŸ‡ª,Cultural,No
Abbey of St Gall,Europe,Switzerland,ğŸ‡¨ğŸ‡­,Cultural,No
Abu Mena,Africa,Egypt,ğŸ‡ªğŸ‡¬,Cultural,Endangered
"Acropolis, Athens",Europe,Greece,ğŸ‡¬ğŸ‡·,Cultural,No
AflajIrrigation Systems of Oman,Asia,Oman,ğŸ‡´ğŸ‡²,Cultural,No
Agave Landscape and Ancient Industrial Facilities of Tequila,North America,Mexico,ğŸ‡²ğŸ‡½,Cultural,No
Agra Fort,Asia,India,ğŸ‡®ğŸ‡³,Cultural,No
Agricultural Landscape of Southern Ã–land,Europe,Sweden,ğŸ‡¸ğŸ‡ª,Cultural,No
Air and TÃ©nÃ©rÃ© Natural Reserves,Africa,Niger,ğŸ‡³ğŸ‡ª,Natural,Endangered
Ajanta Caves,Asia,India,ğŸ‡®ğŸ‡³,Cultural,No
Aksum,Africa,Ethiopia,ğŸ‡ªğŸ‡¹,Cultural,No
Al Qal'a of Beni Hammad,Africa,Algeria,ğŸ‡©ğŸ‡¿,Cultural,No
Al Zubarah Archaeological Site,Asia,Qatar,ğŸ‡¶ğŸ‡¦,Cultural,No
"Al-Ahsa Oasis, an Evolving Cultural Landscape",Asia,Saudi Arabia,ğŸ‡¸ğŸ‡¦,Cultural,No
Aldabra Atoll,Africa,Seychelles,ğŸ‡¸ğŸ‡¨,Natural,No
Alejandro de Humboldt National Park,North America,Cuba,ğŸ‡¨ğŸ‡º,Natural,No
"Alhambra, Generalife and AlbayzÃ­n, Granada",Europe,Spain,ğŸ‡ªğŸ‡¸,Cultural,No
Alto Douro Wine Region,Europe,Portugal,ğŸ‡µğŸ‡¹,Cultural,No
"Amami-Oshima Island, Tokunoshima Island, Northern part of Okinawa Island, and Iriomote Island",Asia,Japan,ğŸ‡¯ğŸ‡µ,Natural,No
Amiens Cathedral,Europe,France,ğŸ‡«ğŸ‡·,Cultural,No
Amphitheatre of El Jem,Africa,Tunisia,ğŸ‡¹ğŸ‡³,Cultural,No
Ancient Building Complex in the Wudang Mountains,Asia,China,ğŸ‡¨ğŸ‡³,Cultural,No
Ancient City of Aleppo,Asia,Syria,ğŸ‡¸ğŸ‡¾,Cultural,Endangered
Ancient City of Bosra,Asia,Syria,ğŸ‡¸ğŸ‡¾,Cultural,Endangered
Ancient City of Damascus,Asia,Syria,ğŸ‡¸ğŸ‡¾,Cultural,Endangered
Ancient City of Nessebar,Europe,Bulgaria,ğŸ‡§ğŸ‡¬,Cultural,No
Ancient City of Ping Yao,Asia,China,ğŸ‡¨ğŸ‡³,Cultural,No
Ancient City of Polonnaruwa,Asia,Sri Lanka,ğŸ‡±ğŸ‡°,Cultural,No
Ancient City of Qalhat,Asia,Oman,ğŸ‡´ğŸ‡²,Cultural,No
Ancient City of Sigiriya,Asia,Sri Lanka,ğŸ‡±ğŸ‡°,Cultural,No
Ancient City of Tauric Chersonese and its Chora,Europe,Ukraine,ğŸ‡ºğŸ‡¦,Cultural,No
Ancient Ferrous Metallurgy Sites of Burkina Faso,Africa,Burkina Faso,ğŸ‡§ğŸ‡«,Cultural,No
Ancient Jericho/Tell es-Sultan,Asia,Palestine,ğŸ‡µğŸ‡¸,Cultural,No
"Ancient Maya City and Protected Tropical Forests of Calakmul, Campeche",North America,Mexico,ğŸ‡²ğŸ‡½,Mixed,No
Ancient Thebes with its Necropolis,Africa,Egypt,ğŸ‡ªğŸ‡¬,Cultural,No
Ancient Villages in Southern Anhui â€“ Xidi and Hongcun,Asia,China,ğŸ‡¨ğŸ‡³,Cultural,No
Ancient Villages of Northern Syria,Asia,Syria,ğŸ‡¸ğŸ‡¾,Cultural,Endangered
Ancient and Primeval Beech Forests of the Carpathians and Other Regions of Europe,Europe,"Albania, Austria, Belgium, Bosnia and Herzegovina, Bulgaria, Croatia, Czechia, France, Germany, Italy, North Macedonia, Poland, Romania, Slovakia, Slovenia, Spain, Switzerland, Ukraine","ğŸ‡¦ğŸ‡±, ğŸ‡¦ğŸ‡¹, ğŸ‡§ğŸ‡¦, ğŸ‡§ğŸ‡ª, ğŸ‡§ğŸ‡¬, ğŸ‡¨ğŸ‡­, ğŸ‡¨ğŸ‡¿, ğŸ‡©ğŸ‡ª, ğŸ‡ªğŸ‡¸, ğŸ‡«ğŸ‡·, ğŸ‡­ğŸ‡·, ğŸ‡®ğŸ‡¹, ğŸ‡²ğŸ‡°, ğŸ‡µğŸ‡±, ğŸ‡·ğŸ‡´, ğŸ‡¸ğŸ‡®, ğŸ‡¸ğŸ‡°, ğŸ‡ºğŸ‡¦",Natural,No
"AncientKsourof Ouadane, Chinguetti, Tichitt and Oualata",Africa,Mauritania,ğŸ‡²ğŸ‡·,Cultural,No
Andrefana Dry Forests,Africa,Madagascar,ğŸ‡²ğŸ‡¬,Natural,No
Angkor,Asia,Cambodia,ğŸ‡°ğŸ‡­,Cultural,No
Anjar,Asia,Lebanon,ğŸ‡±ğŸ‡§,Cultural,No
Antequera Dolmens Site,Europe,Spain,ğŸ‡ªğŸ‡¸,Cultural,No
Anticosti,North America,Canada,ğŸ‡¨ğŸ‡¦,Natural,No
Antigua Guatemala,North America,Guatemala,ğŸ‡¬ğŸ‡¹,Cultural,No
Antigua Naval Dockyard and Related Archaeological Sites,North America,Antigua and Barbuda,ğŸ‡¦ğŸ‡¬,Cultural,No
Aphrodisias,Asia,Turkey,ğŸ‡¹ğŸ‡·,Cultural,No
Aqueduct of Padre Tembleque Hydraulic System,North America,Mexico,ğŸ‡²ğŸ‡½,Cultural,No
Arab-Norman Palermo and the Cathedral Churches of CefalÃº and Monreale,Europe,Italy,ğŸ‡®ğŸ‡¹,Cultural,No
Arabian Oryx Sanctuary,Asia,Oman,ğŸ‡´ğŸ‡²,Natural,No
Aranjuez Cultural Landscape,Europe,Spain,ğŸ‡ªğŸ‡¸,Cultural,No
Archaeological Area and the Patriarchal Basilica of Aquileia,Europe,Italy,ğŸ‡®ğŸ‡¹,Cultural,No
Archaeological Area of Agrigento,Europe,Italy,ğŸ‡®ğŸ‡¹,Cultural,No
"Archaeological Areas of Pompei, Herculaneum and Torre Annunziata",Europe,Italy,ğŸ‡®ğŸ‡¹,Cultural,No
Archaeological Border complex of Hedeby and the Danevirke,Europe,Germany,ğŸ‡©ğŸ‡ª,Cultural,No
Archaeological Ensemble of MÃ©rida,Europe,Spain,ğŸ‡ªğŸ‡¸,Cultural,No
Archaeological Ensemble of Tarraco,Europe,Spain,ğŸ‡ªğŸ‡¸,Cultural,No
Archaeological Heritage of the Lenggong Valley,Asia,Malaysia,ğŸ‡²ğŸ‡¾,Cultural,No
Archaeological Landscape of the First Coffee Plantations in the South-East of Cuba,North America,Cuba,ğŸ‡¨ğŸ‡º,Cultural,No
Archaeological Monuments Zone of Xochicalco,North America,Mexico,ğŸ‡²ğŸ‡½,Cultural,No
Archaeological Park and Ruins of Quirigua,North America,Guatemala,ğŸ‡¬ğŸ‡¹,Cultural,No
Archaeological Ruins at Moenjodaro,Asia,Pakistan,ğŸ‡µğŸ‡°,Cultural,No
Archaeological Ruins of Liangzhu City,Asia,China,ğŸ‡¨ğŸ‡³,Cultural,No
Archaeological Site of Aigai (modern name Vergina),Europe,Greece,ğŸ‡¬ğŸ‡·,Cultural,No
Archaeological Site of Ani,Asia,Turkey,ğŸ‡¹ğŸ‡·,Cultural,No
Archaeological Site of Atapuerca,Europe,Spain,ğŸ‡ªğŸ‡¸,Cultural,No
Archaeological Site of Carthage,Africa,Tunisia,ğŸ‡¹ğŸ‡³,Cultural,No
Archaeological Site of Cyrene,Africa,Libya,ğŸ‡±ğŸ‡¾,Cultural,Endangered
Archaeological Site of Delphi,Europe,Greece,ğŸ‡¬ğŸ‡·,Cultural,No
Archaeological Site of Leptis Magna,Africa,Libya,ğŸ‡±ğŸ‡¾,Cultural,Endangered
Archaeological Site of Mystras,Europe,Greece,ğŸ‡¬ğŸ‡·,Cultural,No
"Archaeological Site of Nalanda Mahavihara at Nalanda, Bihar",Asia,India,ğŸ‡®ğŸ‡³,Cultural,No
Archaeological Site of Olympia,Europe,Greece,ğŸ‡¬ğŸ‡·,Cultural,No
Archaeological Site of PanamÃ¡ Viejo and Historic District of PanamÃ¡,North America,Panama,ğŸ‡µğŸ‡¦,Cultural,No
Archaeological Site of Philippi,Europe,Greece,ğŸ‡¬ğŸ‡·,Cultural,No
Archaeological Site of Sabratha,Africa,Libya,ğŸ‡±ğŸ‡¾,Cultural,Endangered
Archaeological Site of Troy,Asia,Turkey,ğŸ‡¹ğŸ‡·,Cultural,No
Archaeological Site of Volubilis,Africa,Morocco,ğŸ‡²ğŸ‡¦,Cultural,No
"Archaeological Sites of Bat, Al-Khutm and Al-Ayn",Asia,Oman,ğŸ‡´ğŸ‡²,Cultural,No
Archaeological Sites of Mycenae and Tiryns,Europe,Greece,ğŸ‡¬ğŸ‡·,Cultural,No
Archaeological Sites of the Island of Meroe,Africa,Sudan,ğŸ‡¸ğŸ‡©,Cultural,No
"Archaeological Zone of PaquimÃ©, Casas Grandes",North America,Mexico,ğŸ‡²ğŸ‡½,Cultural,No
ArchipiÃ©lago de Revillagigedo,North America,Mexico,ğŸ‡²ğŸ‡½,Natural,No
Architectural Ensemble of the Trinity Sergius Lavra in Sergiev Posad,Europe,Russia,ğŸ‡·ğŸ‡º,Cultural,No
"Architectural, Residential and Cultural Complex of the Radziwill Family at Nesvizh",Europe,Belarus,ğŸ‡§ğŸ‡¾,Cultural,No
Area de ConservaciÃ³n Guanacaste,North America,Costa Rica,ğŸ‡¨ğŸ‡·,Natural,No
"Arles, Roman and Romanesque Monuments",Europe,France,ğŸ‡«ğŸ‡·,Cultural,No
Armenian Monastic Ensembles of Iran,Asia,Iran,ğŸ‡®ğŸ‡·,Cultural,No
Arslantepe Mound,Asia,Turkey,ğŸ‡¹ğŸ‡·,Cultural,No
As-Salt - The Place of Tolerance and Urban Hospitality,Asia,Jordan,ğŸ‡¯ğŸ‡´,Cultural,No
Asante Traditional Buildings,Africa,Ghana,ğŸ‡¬ğŸ‡­,Cultural,No
Ashur (Qal'at Sherqat),Asia,Iraq,ğŸ‡®ğŸ‡¶,Cultural,Endangered
Asmara: A Modernist African City,Africa,Eritrea,ğŸ‡ªğŸ‡·,Cultural,No
"Assisi, the Basilica of San Francesco and Other Franciscan Sites",Europe,Italy,ğŸ‡®ğŸ‡¹,Cultural,No
Assumption Cathedral and Monastery of the town-island of Sviyazhsk,Europe,Russia,ğŸ‡·ğŸ‡º,Cultural,No
Astronomical Observatories of Kazan Federal University,Europe,Russia,ğŸ‡·ğŸ‡º,Cultural,No
At-Turaif District in ad-Dir'iyah,Asia,Saudi Arabia,ğŸ‡¸ğŸ‡¦,Cultural,No
Atlantic Forest South-East Reserves,South America,Brazil,ğŸ‡§ğŸ‡·,Natural,No
Auschwitz BirkenauGerman Nazi Concentration and Extermination Camp (1940-1945),Europe,Poland,ğŸ‡µğŸ‡±,Cultural,No
Australian Convict Sites,Oceania,Australia,ğŸ‡¦ğŸ‡º,Cultural,No
Australian Fossil Mammal Sites (Riversleigh / Naracoorte),Oceania,Australia,ğŸ‡¦ğŸ‡º,Natural,No
Baalbek,Asia,Lebanon,ğŸ‡±ğŸ‡§,Cultural,No
Babylon,Asia,Iraq,ğŸ‡®ğŸ‡¶,Cultural,No
Badain Jaran Desert - Towers of Sand and Lakes,Asia,China,ğŸ‡¨ğŸ‡³,Natural,No
Baekje Historic Areas,Asia,South Korea,ğŸ‡°ğŸ‡·,Cultural,No
Bagan,Asia,Myanmar,ğŸ‡²ğŸ‡²,Cultural,No
Bahla Fort,Asia,Oman,ğŸ‡´ğŸ‡²,Cultural,No
BahÃ¡â€™i Holy Places in Haifa and the Western Galilee,Asia,Israel,ğŸ‡®ğŸ‡±,Cultural,No
Bale Mountains National Park,Africa,Ethiopia,ğŸ‡ªğŸ‡¹,Natural,No
Bam and its Cultural Landscape,Asia,Iran,ğŸ‡®ğŸ‡·,Cultural,No
Ban Chiang Archaeological Site,Asia,Thailand,ğŸ‡¹ğŸ‡­,Cultural,No
Banc d'Arguin National Park,Africa,Mauritania,ğŸ‡²ğŸ‡·,Natural,No
Baptism Site â€œBethany Beyond the Jordanâ€ (Al-Maghtas),Asia,Jordan,ğŸ‡¯ğŸ‡´,Cultural,No
Barberton Makhonjwa Mountains,Africa,South Africa,ğŸ‡¿ğŸ‡¦,Natural,No
Bardejov Town Conservation Reserve,Europe,Slovakia,ğŸ‡¸ğŸ‡°,Cultural,No
Baroque Churches of the Philippines,Asia,Philippines,ğŸ‡µğŸ‡­,Cultural,No
"Bassari Country: Bassari, Fula and Bedik Cultural Landscapes",Africa,Senegal,ğŸ‡¸ğŸ‡³,Cultural,No
"Bauhaus and its Sites in Weimar, Dessau and Bernau",Europe,Germany,ğŸ‡©ğŸ‡ª,Cultural,No
Beijing Central Axis: A Building Ensemble Exhibiting the Ideal Order of the Chinese Capital,Asia,China,ğŸ‡¨ğŸ‡³,Cultural,No
Belfries of Belgium and France,Europe,"Belgium, France","ğŸ‡§ğŸ‡ª, ğŸ‡«ğŸ‡·",Cultural,No
Belize Barrier Reef Reserve System,North America,Belize,ğŸ‡§ğŸ‡¿,Natural,No
Benedictine Convent of St John at MÃ¼stair,Europe,Switzerland,ğŸ‡¨ğŸ‡­,Cultural,No
Bergpark WilhelmshÃ¶he,Europe,Germany,ğŸ‡©ğŸ‡ª,Cultural,No
Berlin Modernism Housing Estates,Europe,Germany,ğŸ‡©ğŸ‡ª,Cultural,No
BiaÅ‚owieÅ¼a Forest,Europe,"Belarus, Poland","ğŸ‡§ğŸ‡¾, ğŸ‡µğŸ‡±",Natural,No
"Biblical Tels - Megiddo, Hazor, Beer Sheba",Asia,Israel,ğŸ‡®ğŸ‡±,Cultural,No
Bikini Atoll Nuclear Test Site,Oceania,Marshall Islands,ğŸ‡²ğŸ‡­,Cultural,No
Birka and HovgÃ¥rden,Europe,Sweden,ğŸ‡¸ğŸ‡ª,Cultural,No
"Birthplace of Jesus: Church of the Nativity and the Pilgrimage Route, Bethlehem",Asia,Palestine,ğŸ‡µğŸ‡¸,Cultural,No
Bisotun,Asia,Iran,ğŸ‡®ğŸ‡·,Cultural,No
Blaenavon Industrial Landscape,Europe,United Kingdom,ğŸ‡¬ğŸ‡§,Cultural,No
Blenheim Palace,Europe,United Kingdom,ğŸ‡¬ğŸ‡§,Cultural,No
Blue and John Crow Mountains,North America,Jamaica,ğŸ‡¯ğŸ‡²,Mixed,No
Bolgar Historical and Archaeological Complex,Europe,Russia,ğŸ‡·ğŸ‡º,Cultural,No
"Bordeaux, Port of the Moon",Europe,France,ğŸ‡«ğŸ‡·,Cultural,No
Borobudur Temple Compounds,Asia,Indonesia,ğŸ‡®ğŸ‡©,Cultural,No
"Botanical Garden (Orto Botanico), Padua",Europe,Italy,ğŸ‡®ğŸ‡¹,Cultural,No
Bourges Cathedral,Europe,France,ğŸ‡«ğŸ‡·,Cultural,No
Boyana Church,Europe,Bulgaria,ğŸ‡§ğŸ‡¬,Cultural,No
Brasilia,South America,Brazil,ğŸ‡§ğŸ‡·,Cultural,No
Brazilian Atlantic Islands: Fernando de Noronha and Atol das Rocas Reserves,South America,Brazil,ğŸ‡§ğŸ‡·,Natural,No
Brimstone Hill Fortress National Park,North America,Saint Kitts and Nevis,ğŸ‡°ğŸ‡³,Cultural,No
Bronze Age Burial Site of SammallahdenmÃ¤ki,Europe,Finland,ğŸ‡«ğŸ‡®,Cultural,No
Bryggen,Europe,Norway,ğŸ‡³ğŸ‡´,Cultural,No
BrÃ¢ncuÈ™i Monumental Ensemble of TÃ¢rgu Jiu,Europe,Romania,ğŸ‡·ğŸ‡´,Cultural,No
BrÃº na BÃ³inne - Archaeological Ensemble of the Bend of the Boyne,Europe,Ireland,ğŸ‡®ğŸ‡ª,Cultural,No
"Budapest, including the Banks of the Danube, the Buda Castle Quarter and AndrÃ¡ssy Avenue",Europe,Hungary,ğŸ‡­ğŸ‡º,Cultural,No
Buddhist Monuments at Sanchi,Asia,India,ğŸ‡®ğŸ‡³,Cultural,No
Buddhist Monuments in the Horyu-ji Area,Asia,Japan,ğŸ‡¯ğŸ‡µ,Cultural,No
Buddhist Ruins of Takht-i-Bahi and Neighbouring City Remains at Sahr-i-Bahlol,Asia,Pakistan,ğŸ‡µğŸ‡°,Cultural,No
Budj Bim Cultural Landscape,Oceania,Australia,ğŸ‡¦ğŸ‡º,Cultural,No
Burgos Cathedral,Europe,Spain,ğŸ‡ªğŸ‡¸,Cultural,No
Bursa and CumalÄ±kÄ±zÄ±k: the Birth of the Ottoman Empire,Asia,Turkey,ğŸ‡¹ğŸ‡·,Cultural,No
Butrint,Europe,Albania,ğŸ‡¦ğŸ‡±,Cultural,No
Bwindi Impenetrable National Park,Africa,Uganda,ğŸ‡ºğŸ‡¬,Natural,No
Byblos,Asia,Lebanon,ğŸ‡±ğŸ‡§,Cultural,No
Cahokia Mounds State Historic Site,North America,United States,ğŸ‡ºğŸ‡¸,Cultural,No
Caliphate City of Medina Azahara,Europe,Spain,ğŸ‡ªğŸ‡¸,Cultural,No
Camino Real de Tierra Adentro,North America,Mexico,ğŸ‡²ğŸ‡½,Cultural,No
Canadian Rocky Mountain Parks,North America,Canada,ğŸ‡¨ğŸ‡¦,Natural,No
Canaima National Park,South America,Venezuela,ğŸ‡»ğŸ‡ª,Natural,No
Canal du Midi,Europe,France,ğŸ‡«ğŸ‡·,Cultural,No
"Canterbury Cathedral, St Augustine's Abbey, and St Martin's Church",Europe,United Kingdom,ğŸ‡¬ğŸ‡§,Cultural,No
Cape Floral Region Protected Areas,Africa,South Africa,ğŸ‡¿ğŸ‡¦,Natural,No
Capital Cities and Tombs of the Ancient Koguryo Kingdom,Asia,China,ğŸ‡¨ğŸ‡³,Cultural,No
Carlsbad Caverns National Park,North America,United States,ğŸ‡ºğŸ‡¸,Natural,No
Carolingian Westwork and Civitas Corvey,Europe,Germany,ğŸ‡©ğŸ‡ª,Cultural,No
Castel del Monte,Europe,Italy,ğŸ‡®ğŸ‡¹,Cultural,No
Castle of the Teutonic Order in Malbork,Europe,Poland,ğŸ‡µğŸ‡±,Cultural,No
Castles and Town Walls of King Edward in Gwynedd,Europe,United Kingdom,ğŸ‡¬ğŸ‡§,Cultural,No
Castles of Augustusburg and Falkenlust at BrÃ¼hl,Europe,Germany,ğŸ‡©ğŸ‡ª,Cultural,No
Catalan Romanesque Churches of the Vall de BoÃ­,Europe,Spain,ğŸ‡ªğŸ‡¸,Cultural,No
Cathedral and Churches of Echmiatsin and the Archaeological Site of Zvartnots,Asia,Armenia,ğŸ‡¦ğŸ‡²,Cultural,No
"Cathedral of Notre-Dame, Former Abbey of Saint-RÃ©mi and Palace of Tau, Reims",Europe,France,ğŸ‡«ğŸ‡·,Cultural,No
"Cathedral, AlcÃ¡zar and Archivo de Indias in Seville",Europe,Spain,ğŸ‡ªğŸ‡¸,Cultural,No
"Cathedral, Torre Civica and Piazza Grande, Modena",Europe,Italy,ğŸ‡®ğŸ‡¹,Cultural,No
Cave of Altamira and Paleolithic Cave Art of Northern Spain,Europe,Spain,ğŸ‡ªğŸ‡¸,Cultural,No
Caves and Ice Age Art in the Swabian Jura,Europe,Germany,ğŸ‡©ğŸ‡ª,Cultural,No
Caves of Aggtelek Karst and Slovak Karst,Europe,"Hungary, Slovakia","ğŸ‡­ğŸ‡º, ğŸ‡¸ğŸ‡°",Natural,No
Caves of Maresha and Bet-Guvrin in the Judean Lowlands as a Microcosm of the Land of the Caves,Asia,Israel,ğŸ‡®ğŸ‡±,Cultural,No
Centennial Hall in WrocÅ‚aw,Europe,Poland,ğŸ‡µğŸ‡±,Cultural,No
Central Amazon Conservation Complex,South America,Brazil,ğŸ‡§ğŸ‡·,Natural,No
Central Highlands of Sri Lanka,Asia,Sri Lanka,ğŸ‡±ğŸ‡°,Natural,No
Central Sector of the Imperial Citadel of Thang Long - Hanoi,Asia,Vietnam,ğŸ‡»ğŸ‡³,Cultural,No
Central Sikhote-Alin,Europe,Russia,ğŸ‡·ğŸ‡º,Natural,No
Central Suriname Nature Reserve,South America,Suriname,ğŸ‡¸ğŸ‡·,Natural,No
Central University City Campus of theUniversidad Nacional AutÃ³noma de MÃ©xico(UNAM),North America,Mexico,ğŸ‡²ğŸ‡½,Cultural,No
Central Zone of the Town of Angra do Heroismo in the Azores,Europe,Portugal,ğŸ‡µğŸ‡¹,Cultural,No
Cerrado Protected Areas: Chapada dos Veadeiros and Emas National Parks,South America,Brazil,ğŸ‡§ğŸ‡·,Natural,No
Chaco Culture,North America,United States,ğŸ‡ºğŸ‡¸,Cultural,No
"Champagne Hillsides, Houses and Cellars",Europe,France,ğŸ‡«ğŸ‡·,Cultural,No
Champaner-Pavagadh Archaeological Park,Asia,India,ğŸ‡®ğŸ‡³,Cultural,No
Chan Chan Archaeological Zone,South America,Peru,ğŸ‡µğŸ‡ª,Cultural,Endangered
Changdeokgung Palace Complex,Asia,South Korea,ğŸ‡°ğŸ‡·,Cultural,No
Chankillo Archaeoastronomical Complex,South America,Peru,ğŸ‡µğŸ‡ª,Cultural,No
Chartres Cathedral,Europe,France,ğŸ‡«ğŸ‡·,Cultural,No
Chavin (Archaeological Site),South America,Peru,ğŸ‡µğŸ‡ª,Cultural,No
ChaÃ®ne des Puys - Limagne fault tectonic arena,Europe,France,ğŸ‡«ğŸ‡·,Natural,No
Chengjiang Fossil Site,Asia,China,ğŸ‡¨ğŸ‡³,Natural,No
Chhatrapati Shivaji Terminus (formerly Victoria Terminus),Asia,India,ğŸ‡®ğŸ‡³,Cultural,No
Chief Roi Mataâ€™s Domain,Oceania,Vanuatu,ğŸ‡»ğŸ‡º,Cultural,No
China Danxia,Asia,China,ğŸ‡¨ğŸ‡³,Natural,No
Chiribiquete National Park â€“ â€œThe Maloca of the Jaguarâ€,South America,Colombia,ğŸ‡¨ğŸ‡´,Mixed,No
Chitwan National Park,Asia,Nepal,ğŸ‡³ğŸ‡µ,Natural,No
Choirokoitia,Asia,Cyprus,ğŸ‡¨ğŸ‡¾,Cultural,No
Chongoni Rock-Art Area,Africa,Malawi,ğŸ‡²ğŸ‡¼,Cultural,No
"Church Town of Gammelstad, LuleÃ¥",Europe,Sweden,ğŸ‡¸ğŸ‡ª,Cultural,No
Church and Dominican Convent of Santa Maria delle Grazie with â€œThe Last Supperâ€ by Leonardo da Vinci,Europe,Italy,ğŸ‡®ğŸ‡¹,Cultural,No
"Church of the Ascension, Kolomenskoye",Europe,Russia,ğŸ‡·ğŸ‡º,Cultural,No
Churches and Convents of Goa,Asia,India,ğŸ‡®ğŸ‡³,Cultural,No
Churches of ChiloÃ©,South America,Chile,ğŸ‡¨ğŸ‡±,Cultural,No
Churches of Moldavia,Europe,Romania,ğŸ‡·ğŸ‡´,Cultural,No
Churches of Peace in Jawor and Åšwidnica,Europe,Poland,ğŸ‡µğŸ‡±,Cultural,No
Churches of the Pskov School of Architecture,Europe,Russia,ğŸ‡·ğŸ‡º,Cultural,No
"Cidade Velha, Historic Centre of Ribeira Grande",Africa,Cape Verde,ğŸ‡¨ğŸ‡»,Cultural,No
"Cilento and Vallo di Diano National Park with the Archeological Sites of Paestum and Velia, and the Certosa di Padula",Europe,Italy,ğŸ‡®ğŸ‡¹,Cultural,No
Cistercian Abbey of Fontenay,Europe,France,ğŸ‡«ğŸ‡·,Cultural,No
Citadel of the Ho Dynasty,Asia,Vietnam,ğŸ‡»ğŸ‡³,Cultural,No
"Citadel, Ancient City and Fortress Buildings of Derbent",Europe,Russia,ğŸ‡·ğŸ‡º,Cultural,No
City of Bath,Europe,United Kingdom,ğŸ‡¬ğŸ‡§,Cultural,No
City of Cuzco,South America,Peru,ğŸ‡µğŸ‡ª,Cultural,No
City of Graz â€“ Historic Centre and Schloss Eggenberg,Europe,Austria,ğŸ‡¦ğŸ‡¹,Cultural,No
City of Luxembourg: its Old Quarters and Fortifications,Europe,Luxembourg,ğŸ‡±ğŸ‡º,Cultural,No
City of PotosÃ­,South America,Bolivia,ğŸ‡§ğŸ‡´,Cultural,Endangered
City of Quito,South America,Ecuador,ğŸ‡ªğŸ‡¨,Cultural,No
City of Safranbolu,Asia,Turkey,ğŸ‡¹ğŸ‡·,Cultural,No
City of Valletta,Europe,Malta,ğŸ‡²ğŸ‡¹,Cultural,No
City of Verona,Europe,Italy,ğŸ‡®ğŸ‡¹,Cultural,No
City of Vicenza and the Palladian Villas of the Veneto,Europe,Italy,ğŸ‡®ğŸ‡¹,Cultural,No
Ciudad Universitaria de Caracas,South America,Venezuela,ğŸ‡»ğŸ‡ª,Cultural,No
Classical Gardens of Suzhou,Asia,China,ğŸ‡¨ğŸ‡³,Cultural,No
Classical Weimar,Europe,Germany,ğŸ‡©ğŸ‡ª,Cultural,No
Cliff of Bandiagara (Land of the Dogons),Africa,Mali,ğŸ‡²ğŸ‡±,Mixed,No
Cocos Island National Park,North America,Costa Rica,ğŸ‡¨ğŸ‡·,Natural,No
Coffee Cultural Landscape of Colombia,South America,Colombia,ğŸ‡¨ğŸ‡´,Cultural,No
Coiba National Park and its Special Zone of Marine Protection,North America,Panama,ğŸ‡µğŸ‡¦,Natural,No
Colchic Rainforests and Wetlands,Asia,Georgia,ğŸ‡¬ğŸ‡ª,Natural,No
Cold Winter Deserts of Turan,Asia,"Kazakhstan, Turkmenistan, Uzbekistan","ğŸ‡°ğŸ‡¿, ğŸ‡¹ğŸ‡², ğŸ‡ºğŸ‡¿",Natural,No
"Collegiate Church, Castle and Old Town of Quedlinburg",Europe,Germany,ğŸ‡©ğŸ‡ª,Cultural,No
Cologne Cathedral,Europe,Germany,ğŸ‡©ğŸ‡ª,Cultural,No
Colonial City of Santo Domingo,North America,Dominican Republic,ğŸ‡©ğŸ‡´,Cultural,No
Colonies of Benevolence,Europe,"Belgium, Netherlands","ğŸ‡§ğŸ‡ª, ğŸ‡³ğŸ‡±",Cultural,No
ComoÃ© National Park,Africa,Ivory Coast,,Natural,No
Complex of HuÃ© Monuments,Asia,Vietnam,ğŸ‡»ğŸ‡³,Cultural,No
Complex of Koguryo Tombs,Asia,North Korea,ğŸ‡°ğŸ‡µ,Cultural,No
Convent of Christ in Tomar,Europe,Portugal,ğŸ‡µğŸ‡¹,Cultural,No
Cordouan Lighthouse,Europe,France,ğŸ‡«ğŸ‡·,Cultural,No
Cornwall and West Devon Mining Landscape,Europe,United Kingdom,ğŸ‡¬ğŸ‡§,Cultural,No
Coro and its Port,South America,Venezuela,ğŸ‡»ğŸ‡ª,Cultural,Endangered
Costiera Amalfitana,Europe,Italy,ğŸ‡®ğŸ‡¹,Cultural,No
Crac des Chevaliers and Qalâ€™at Salah El-Din,Asia,Syria,ğŸ‡¸ğŸ‡¾,Cultural,Endangered
Crespi d'Adda,Europe,Italy,ğŸ‡®ğŸ‡¹,Cultural,No
"Cueva de las Manos, RÃ­o Pinturas",South America,Argentina,ğŸ‡¦ğŸ‡·,Cultural,No
Cultural Landscape and Archaeological Remains of the Bamiyan Valley,Asia,Afghanistan,ğŸ‡¦ğŸ‡«,Cultural,Endangered
Cultural Landscape of Bali Province: theSubakSystem as a Manifestation of theTri Hita KaranaPhilosophy,Asia,Indonesia,ğŸ‡®ğŸ‡©,Cultural,No
Cultural Landscape of Hawraman/Uramanat,Asia,Iran,ğŸ‡®ğŸ‡·,Cultural,No
Cultural Landscape of Honghe Hani Rice Terraces,Asia,China,ğŸ‡¨ğŸ‡³,Cultural,No
Cultural Landscape of Kenozero Lake,Europe,Russia,ğŸ‡·ğŸ‡º,Cultural,No
Cultural Landscape of Khinalig People and â€œKÃ¶Ã§ Yoluâ€ Transhumance Route,Asia,Azerbaijan,ğŸ‡¦ğŸ‡¿,Cultural,No
Cultural Landscape of Maymand,Asia,Iran,ğŸ‡®ğŸ‡·,Cultural,No
Cultural Landscape of Old Tea Forests of the Jingmai Mountain in Puâ€™er,Asia,China,ğŸ‡¨ğŸ‡³,Cultural,No
Cultural Landscape of Sintra,Europe,Portugal,ğŸ‡µğŸ‡¹,Cultural,No
Cultural Landscape of the Serra de Tramuntana,Europe,Spain,ğŸ‡ªğŸ‡¸,Cultural,No
"Cultural Sites of Al Ain (Hafit, Hili, Bidaa Bint Saud and Oases Areas)",Asia,United Arab Emirates,ğŸ‡¦ğŸ‡ª,Cultural,No
Cultural and Historic Ensemble of the Solovetsky Islands,Europe,Russia,ğŸ‡·ğŸ‡º,Cultural,No
Curonian Spit,Europe,"Lithuania, Russia","ğŸ‡±ğŸ‡¹, ğŸ‡·ğŸ‡º",Cultural,No
Dacian Fortresses of the Orastie Mountains,Europe,Romania,ğŸ‡·ğŸ‡´,Cultural,No
Danube Delta,Europe,Romania,ğŸ‡·ğŸ‡´,Natural,No
Darien National Park,North America,Panama,ğŸ‡µğŸ‡¦,Natural,No
Dazu Rock Carvings,Asia,China,ğŸ‡¨ğŸ‡³,Cultural,No
"Decorated Cave of Pont dâ€™Arc, known as Grotte Chauvet-Pont dâ€™Arc, ArdÃ¨che",Europe,France,ğŸ‡«ğŸ‡·,Cultural,No
Decorated Farmhouses of HÃ¤lsingland,Europe,Sweden,ğŸ‡¸ğŸ‡ª,Cultural,No
Deer Stone Monuments and Related Bronze Age Sites,Asia,Mongolia,ğŸ‡²ğŸ‡³,Cultural,No
Delos,Europe,Greece,ğŸ‡¬ğŸ‡·,Cultural,No
Derwent Valley Mills,Europe,United Kingdom,ğŸ‡¬ğŸ‡§,Cultural,No
Desembarco del Granma National Park,North America,Cuba,ğŸ‡¨ğŸ‡º,Natural,No
Dholavira: a Harappan City,Asia,India,ğŸ‡®ğŸ‡³,Cultural,No
Dilmun Burial Mounds,Asia,Bahrain,ğŸ‡§ğŸ‡­,Cultural,No
Dinosaur Provincial Park,North America,Canada,ğŸ‡¨ğŸ‡¦,Natural,No
Discovery Coast Atlantic Forest Reserves,South America,Brazil,ğŸ‡§ğŸ‡·,Natural,No
DiyarbakÄ±r Fortress and Hevsel Gardens Cultural Landscape,Asia,Turkey,ğŸ‡¹ğŸ‡·,Cultural,No
Dja Faunal Reserve,Africa,Cameroon,ğŸ‡¨ğŸ‡²,Natural,No
Djerba: Testimony to a settlement pattern in an island territory,Africa,Tunisia,ğŸ‡¹ğŸ‡³,Cultural,No
Djoudj National Bird Sanctuary,Africa,Senegal,ğŸ‡¸ğŸ‡³,Natural,No
DjÃ©mila,Africa,Algeria,ğŸ‡©ğŸ‡¿,Cultural,No
Dong Phayayen-Khao Yai Forest Complex,Asia,Thailand,ğŸ‡¹ğŸ‡­,Natural,No
Dorset and East Devon Coast,Europe,United Kingdom,ğŸ‡¬ğŸ‡§,Natural,No
Dougga / Thugga,Africa,Tunisia,ğŸ‡¹ğŸ‡³,Cultural,No
DoÃ±ana National Park,Europe,Spain,ğŸ‡ªğŸ‡¸,Natural,No
Dresden Elbe Valley,Europe,Germany,ğŸ‡©ğŸ‡ª,Cultural,No
Droogmakerij de Beemster (Beemster Polder),Europe,Netherlands,ğŸ‡³ğŸ‡±,Cultural,No
Durham Castle and Cathedral,Europe,United Kingdom,ğŸ‡¬ğŸ‡§,Cultural,No
Durmitor National Park,Europe,Montenegro,ğŸ‡²ğŸ‡ª,Natural,No
Dutch Water Defence Lines,Europe,Netherlands,ğŸ‡³ğŸ‡±,Cultural,No
"ESMA Museum and Site of Memory â€“ Former Clandestine Centre of Detention, Torture and Extermination",South America,Argentina,ğŸ‡¦ğŸ‡·,Cultural,No
Earliest 16th-Century Monasteries on the Slopes of Popocatepetl,North America,Mexico,ğŸ‡²ğŸ‡½,Cultural,No
Early Christian Monuments of Ravenna,Europe,Italy,ğŸ‡®ğŸ‡¹,Cultural,No
Early Christian Necropolis of PÃ©cs (Sopianae),Europe,Hungary,ğŸ‡­ğŸ‡º,Cultural,No
East Rennell,Oceania,Solomon Islands,ğŸ‡¸ğŸ‡§,Natural,Endangered
Ecosystem and Relict Cultural Landscape of LopÃ©-Okanda,Africa,Gabon,ğŸ‡¬ğŸ‡¦,Mixed,No
Eisinga Planetarium in Franeker,Europe,Netherlands,ğŸ‡³ğŸ‡±,Cultural,No
El Pinacate and Gran Desierto de Altar Biosphere Reserve,North America,Mexico,ğŸ‡²ğŸ‡½,Natural,No
"El Tajin, Pre-Hispanic City",North America,Mexico,ğŸ‡²ğŸ‡½,Cultural,No
Elephanta Caves,Asia,India,ğŸ‡®ğŸ‡³,Cultural,No
Ellora Caves,Asia,India,ğŸ‡®ğŸ‡³,Cultural,No
Engelsberg Ironworks,Europe,Sweden,ğŸ‡¸ğŸ‡ª,Cultural,No
Ennedi Massif: Natural and Cultural Landscape,Africa,Chad,ğŸ‡¹ğŸ‡©,Mixed,No
Ensemble of the Ferapontov Monastery,Europe,Russia,ğŸ‡·ğŸ‡º,Cultural,No
Ensemble of the Novodevichy Convent,Europe,Russia,ğŸ‡·ğŸ‡º,Cultural,No
Ephesus,Asia,Turkey,ğŸ‡¹ğŸ‡·,Cultural,No
Episcopal City of Albi,Europe,France,ğŸ‡«ğŸ‡·,Cultural,No
Episcopal Complex of the Euphrasian Basilica in the Historic Centre of PoreÄ,Europe,Croatia,ğŸ‡­ğŸ‡·,Cultural,No
Erbil Citadel,Asia,Iraq,ğŸ‡®ğŸ‡¶,Cultural,No
Erzgebirge/KruÅ¡nohoÅ™Ã­ Mining Region,Europe,"Czechia, Germany","ğŸ‡¨ğŸ‡¿, ğŸ‡©ğŸ‡ª",Cultural,No
Etruscan Necropolises of Cerveteri and Tarquinia,Europe,Italy,ğŸ‡®ğŸ‡¹,Cultural,No
Evaporitic Karst and Caves of Northern Apennines,Europe,Italy,ğŸ‡®ğŸ‡¹,Natural,No
Everglades National Park,North America,United States,ğŸ‡ºğŸ‡¸,Natural,Endangered
Fagus Factory in Alfeld,Europe,Germany,ğŸ‡©ğŸ‡ª,Cultural,No
Fanjingshan,Asia,China,ğŸ‡¨ğŸ‡³,Natural,No
"Fasil Ghebbi, Gondar Region",Africa,Ethiopia,ğŸ‡ªğŸ‡¹,Cultural,No
Fatehpur Sikri,Asia,India,ğŸ‡®ğŸ‡³,Cultural,No
"Ferrara, City of the Renaissance, and its Po Delta",Europe,Italy,ğŸ‡®ğŸ‡¹,Cultural,No
FertÃ¶ / Neusiedlersee Cultural Landscape,Europe,"Austria, Hungary","ğŸ‡¦ğŸ‡¹, ğŸ‡­ğŸ‡º",Cultural,No
Flemish BÃ©guinages,Europe,Belgium,ğŸ‡§ğŸ‡ª,Cultural,No
Forest Massif of Odzala-Kokoua,Africa,Republic of the Congo,ğŸ‡¨ğŸ‡¬,Natural,No
"Fort Jesus, Mombasa",Africa,Kenya,ğŸ‡°ğŸ‡ª,Cultural,No
Fort and Shalamar Gardens in Lahore,Asia,Pakistan,ğŸ‡µğŸ‡°,Cultural,No
Fortifications of Vauban,Europe,France,ğŸ‡«ğŸ‡·,Cultural,No
Fortifications on the Caribbean Side of Panama: Portobelo-San Lorenzo,North America,Panama,ğŸ‡µğŸ‡¦,Cultural,Endangered
Fortress of Suomenlinna,Europe,Finland,ğŸ‡«ğŸ‡®,Cultural,No
"Forts and Castles, Volta, Greater Accra, Central and Western Regions",Africa,Ghana,ğŸ‡¬ğŸ‡­,Cultural,No
Fossil Hominid Sites of South Africa,Africa,South Africa,ğŸ‡¿ğŸ‡¦,Cultural,No
Franciscan Missions in the Sierra Gorda of QuerÃ©taro,North America,Mexico,ğŸ‡²ğŸ‡½,Cultural,No
Fray Bentos Industrial Landscape,South America,Uruguay,ğŸ‡ºğŸ‡¾,Cultural,No
French Austral Lands and Seas,Europe,France,ğŸ‡«ğŸ‡·,Natural,No
"From the Great Saltworks of Salins-les-Bains to the Royal Saltworks of Arc-et-Senans, the Production of Open-pan Salt",Europe,France,ğŸ‡«ğŸ‡·,Cultural,No
Frontiers of the Roman Empire,Europe,"Germany, United Kingdom","ğŸ‡©ğŸ‡ª, ğŸ‡¬ğŸ‡§",Cultural,No
Frontiers of the Roman Empire â€“ Dacia,Europe,Romania,ğŸ‡·ğŸ‡´,Cultural,No
Frontiers of the Roman Empire â€“ The Danube Limes (Western Segment),Europe,"Austria, Germany, Slovakia","ğŸ‡¦ğŸ‡¹, ğŸ‡©ğŸ‡ª, ğŸ‡¸ğŸ‡°",Cultural,No
Frontiers of the Roman Empire â€“ The Lower German Limes,Europe,"Germany, Netherlands","ğŸ‡©ğŸ‡ª, ğŸ‡³ğŸ‡±",Cultural,No
Fuerte de Samaipata,South America,Bolivia,ğŸ‡§ğŸ‡´,Cultural,No
FujianTulou,Asia,China,ğŸ‡¨ğŸ‡³,Cultural,No
"Fujisan, sacred place and source of artistic inspiration",Asia,Japan,ğŸ‡¯ğŸ‡µ,Cultural,No
Funerary and memory sites of the First World War (Western Front),Europe,"Belgium, France","ğŸ‡§ğŸ‡ª, ğŸ‡«ğŸ‡·",Cultural,No
GalÃ¡pagos Islands,South America,Ecuador,ğŸ‡ªğŸ‡¨,Natural,No
"Gamzigrad-Romuliana, Palace of Galerius",Europe,Serbia,ğŸ‡·ğŸ‡¸,Cultural,No
Garajonay National Park,Europe,Spain,ğŸ‡ªğŸ‡¸,Natural,No
Garamba National Park,,DR Congo,ğŸ‡¨ğŸ‡©,Natural,Endangered
Garden Kingdom of Dessau-WÃ¶rlitz,Europe,Germany,ğŸ‡©ğŸ‡ª,Cultural,No
Gardens and Castle at KromÄ›Å™Ã­Å¾,Europe,Czechia,ğŸ‡¨ğŸ‡¿,Cultural,No
Garrison Border Town of Elvas and its Fortifications,Europe,Portugal,ğŸ‡µğŸ‡¹,Cultural,No
Gaya Tumuli,Asia,South Korea,ğŸ‡°ğŸ‡·,Cultural,No
Gebel Barkal and the Sites of the Napatan Region,Africa,Sudan,ğŸ‡¸ğŸ‡©,Cultural,No
Gelati Monastery,Asia,Georgia,ğŸ‡¬ğŸ‡ª,Cultural,No
Genoa:Le Strade Nuoveand the system of thePalazzi dei Rolli,Europe,Italy,ğŸ‡®ğŸ‡¹,Cultural,No
"Getbol, Korean Tidal Flats",Asia,South Korea,ğŸ‡°ğŸ‡·,Natural,No
Giant's Causeway and Causeway Coast,Europe,United Kingdom,ğŸ‡¬ğŸ‡§,Natural,No
Gobustan Rock Art Cultural Landscape,Asia,Azerbaijan,ğŸ‡¦ğŸ‡¿,Cultural,No
"Gochang, Hwasun and Ganghwa Dolmen Sites",Asia,South Korea,ğŸ‡°ğŸ‡·,Cultural,No
Golden Mountains of Altai,Europe,Russia,ğŸ‡·ğŸ‡º,Natural,No
Golestan Palace,Asia,Iran,ğŸ‡®ğŸ‡·,Cultural,No
Gonbad-e QÄbus,Asia,Iran,ğŸ‡®ğŸ‡·,Cultural,No
Gondwana Rainforests of Australia,Oceania,Australia,ğŸ‡¦ğŸ‡º,Natural,No
Gordion,Asia,Turkey,ğŸ‡¹ğŸ‡·,Cultural,No
Gorham's Cave Complex,Europe,United Kingdom,ğŸ‡¬ğŸ‡§,Cultural,No
Gough and Inaccessible Islands,Europe,United Kingdom,ğŸ‡¬ğŸ‡§,Natural,No
Grand Canyon National Park,North America,United States,ğŸ‡ºğŸ‡¸,Natural,No
Great Barrier Reef,Oceania,Australia,ğŸ‡¦ğŸ‡º,Natural,No
Great Burkhan Khaldun Mountain and its surrounding sacred landscape,Asia,Mongolia,ğŸ‡²ğŸ‡³,Cultural,No
Great Himalayan National Park Conservation Area,Asia,India,ğŸ‡®ğŸ‡³,Natural,No
Great Living Chola Temples,Asia,India,ğŸ‡®ğŸ‡³,Cultural,No
Great Mosque and Hospital of DivriÄŸi,Asia,Turkey,ğŸ‡¹ğŸ‡·,Cultural,No
Great Smoky Mountains National Park,North America,United States,ğŸ‡ºğŸ‡¸,Natural,No
Great Zimbabwe National Monument,Africa,Zimbabwe,ğŸ‡¿ğŸ‡¼,Cultural,No
Greater Blue Mountains Area,Oceania,Australia,ğŸ‡¦ğŸ‡º,Natural,No
"Grimeton Radio Station, Varberg",Europe,Sweden,ğŸ‡¸ğŸ‡ª,Cultural,No
Gros Morne National Park,North America,Canada,ğŸ‡¨ğŸ‡¦,Natural,No
Group of Monuments at Hampi,Asia,India,ğŸ‡®ğŸ‡³,Cultural,No
Group of Monuments at Mahabalipuram,Asia,India,ğŸ‡®ğŸ‡³,Cultural,No
Group of Monuments at Pattadakal,Asia,India,ğŸ‡®ğŸ‡³,Cultural,No
"Gulf of Porto: Calanche of Piana, Gulf of Girolata, Scandola Reserve",Europe,France,ğŸ‡«ğŸ‡·,Natural,No
Gunung Mulu National Park,Asia,Malaysia,ğŸ‡²ğŸ‡¾,Natural,No
Gusuku Sites and Related Properties of the Kingdom of Ryukyu,Asia,Japan,ğŸ‡¯ğŸ‡µ,Cultural,No
Gyeongju Historic Areas,Asia,South Korea,ğŸ‡°ğŸ‡·,Cultural,No
GÃ¶bekli Tepe,Asia,Turkey,ğŸ‡¹ğŸ‡·,Cultural,No
GÃ¶reme National Park and the Rock Sites of Cappadocia,Asia,Turkey,ğŸ‡¹ğŸ‡·,Mixed,No
Ha Long Bay - Cat Ba Archipelago,Asia,Vietnam,ğŸ‡»ğŸ‡³,Natural,No
"Haeinsa Temple Janggyeong Panjeon, the Depositories for theTripitaka KoreanaWoodblocks",Asia,South Korea,ğŸ‡°ğŸ‡·,Cultural,No
Hallstatt-Dachstein / Salzkammergut Cultural Landscape,Europe,Austria,ğŸ‡¦ğŸ‡¹,Cultural,No
Hanseatic City of LÃ¼beck,Europe,Germany,ğŸ‡©ğŸ‡ª,Cultural,No
Hanseatic Town of Visby,Europe,Sweden,ğŸ‡¸ğŸ‡ª,Cultural,No
"Harar Jugol, the Fortified Historic Town",Africa,Ethiopia,ğŸ‡ªğŸ‡¹,Cultural,No
Hatra,Asia,Iraq,ğŸ‡®ğŸ‡¶,Cultural,Endangered
Hattusha: the Hittite Capital,Asia,Turkey,ğŸ‡¹ğŸ‡·,Cultural,No
Hawaii Volcanoes National Park,North America,United States,ğŸ‡ºğŸ‡¸,Natural,No
Head-Smashed-In Buffalo Jump,North America,Canada,ğŸ‡¨ğŸ‡¦,Cultural,No
Heard and McDonald Islands,Oceania,Australia,ğŸ‡¦ğŸ‡º,Natural,No
Heart of Neolithic Orkney,Europe,United Kingdom,ğŸ‡¬ğŸ‡§,Cultural,No
Hebron/Al-Khalil Old Town,Asia,Palestine,ğŸ‡µğŸ‡¸,Cultural,Endangered
Hegmataneh,Asia,Iran,ğŸ‡®ğŸ‡·,Cultural,No
Hegra Archaeological Site (al-Hijr / MadÄ Í in á¹¢Äliá¸¥),Asia,Saudi Arabia,ğŸ‡¸ğŸ‡¦,Cultural,No
Henderson Island,Europe,United Kingdom,ğŸ‡¬ğŸ‡§,Natural,No
Heritage of Mercury. AlmadÃ©n and Idrija,Europe,"Slovenia, Spain","ğŸ‡ªğŸ‡¸, ğŸ‡¸ğŸ‡®",Cultural,No
Hidden Christian Sites in the Nagasaki Region,Asia,Japan,ğŸ‡¯ğŸ‡µ,Cultural,No
Hierapolis-Pamukkale,Asia,Turkey,ğŸ‡¹ğŸ‡·,Mixed,No
High Coast / Kvarken Archipelago,Europe,"Finland, Sweden","ğŸ‡«ğŸ‡®, ğŸ‡¸ğŸ‡ª",Natural,No
Hill Forts of Rajasthan,Asia,India,ğŸ‡®ğŸ‡³,Cultural,No
Himeji-jo,Asia,Japan,ğŸ‡¯ğŸ‡µ,Cultural,No
"Hiraizumi â€“ Temples, Gardens and Archaeological Sites Representing the Buddhist Pure Land",Asia,Japan,ğŸ‡¯ğŸ‡µ,Cultural,No
Hiroshima Peace Memorial (Genbaku Dome),Asia,Japan,ğŸ‡¯ğŸ‡µ,Cultural,No
"Historic Area of Willemstad, Inner City and Harbour, CuraÃ§ao",Europe,Netherlands,ğŸ‡³ğŸ‡±,Cultural,No
Historic Areas of Istanbul,Asia,Turkey,ğŸ‡¹ğŸ‡·,Cultural,No
Historic Bridgetown and its Garrison,North America,Barbados,ğŸ‡§ğŸ‡§,Cultural,No
Historic Cairo,Africa,Egypt,ğŸ‡ªğŸ‡¬,Cultural,No
Historic Centre (Old Town) of Tallinn,Europe,Estonia,ğŸ‡ªğŸ‡ª,Cultural,No
Historic Centre of Agadez,Africa,Niger,ğŸ‡³ğŸ‡ª,Cultural,No
"Historic Centre of Avignon: Papal Palace, Episcopal Ensemble and Avignon Bridge",Europe,France,ğŸ‡«ğŸ‡·,Cultural,No
Historic Centre of Brugge,Europe,Belgium,ğŸ‡§ğŸ‡ª,Cultural,No
Historic Centre of Bukhara,Asia,Uzbekistan,ğŸ‡ºğŸ‡¿,Cultural,No
Historic Centre of CamagÃ¼ey,North America,Cuba,ğŸ‡¨ğŸ‡º,Cultural,No
Historic Centre of Cordoba,Europe,Spain,ğŸ‡ªğŸ‡¸,Cultural,No
Historic Centre of Florence,Europe,Italy,ğŸ‡®ğŸ‡¹,Cultural,No
Historic Centre of GuimarÃ£es and Couros Zone,Europe,Portugal,ğŸ‡µğŸ‡¹,Cultural,No
Historic Centre of KrakÃ³w,Europe,Poland,ğŸ‡µğŸ‡±,Cultural,No
Historic Centre of Lima,South America,Peru,ğŸ‡µğŸ‡ª,Cultural,No
Historic Centre of Macao,Asia,China,ğŸ‡¨ğŸ‡³,Cultural,No
Historic Centre of Mexico City and Xochimilco,North America,Mexico,ğŸ‡²ğŸ‡½,Cultural,No
Historic Centre of Morelia,North America,Mexico,ğŸ‡²ğŸ‡½,Cultural,No
Historic Centre of Naples,Europe,Italy,ğŸ‡®ğŸ‡¹,Cultural,No
Historic Centre of Oaxaca and Archaeological Site of Monte AlbÃ¡n,North America,Mexico,ğŸ‡²ğŸ‡½,Cultural,No
"Historic Centre of Oporto, Luiz I Bridge and Monastery of Serra do Pilar",Europe,Portugal,ğŸ‡µğŸ‡¹,Cultural,No
Historic Centre of Prague,Europe,Czechia,ğŸ‡¨ğŸ‡¿,Cultural,No
Historic Centre of Puebla,North America,Mexico,ğŸ‡²ğŸ‡½,Cultural,No
Historic Centre of Riga,Europe,Latvia,ğŸ‡±ğŸ‡»,Cultural,No
"Historic Centre of Rome, the Properties of the Holy See in that City Enjoying Extraterritorial Rights and San Paolo Fuori le Mura",Europe,"Italy, Vatican City (Holy See)","ğŸ‡®ğŸ‡¹, ğŸ‡»ğŸ‡¦",Cultural,No
Historic Centre of Saint Petersburg and Related Groups of Monuments,Europe,Russia,ğŸ‡·ğŸ‡º,Cultural,No
Historic Centre of Salvador de Bahia,South America,Brazil,ğŸ‡§ğŸ‡·,Cultural,No
Historic Centre of San Gimignano,Europe,Italy,ğŸ‡®ğŸ‡¹,Cultural,No
Historic Centre of Santa Ana de los RÃ­os de Cuenca,South America,Ecuador,ğŸ‡ªğŸ‡¨,Cultural,No
Historic Centre of Santa Cruz de Mompox,South America,Colombia,ğŸ‡¨ğŸ‡´,Cultural,No
Historic Centre of Shakhrisyabz,Asia,Uzbekistan,ğŸ‡ºğŸ‡¿,Cultural,Endangered
Historic Centre of Sheki with the Khanâ€™s Palace,Asia,Azerbaijan,ğŸ‡¦ğŸ‡¿,Cultural,No
Historic Centre of Siena,Europe,Italy,ğŸ‡®ğŸ‡¹,Cultural,No
Historic Centre of SighiÅŸoara,Europe,Romania,ğŸ‡·ğŸ‡´,Cultural,No
Historic Centre of SÃ£o LuÃ­s,South America,Brazil,ğŸ‡§ğŸ‡·,Cultural,No
Historic Centre of TelÄ,Europe,Czechia,ğŸ‡¨ğŸ‡¿,Cultural,No
Historic Centre of Urbino,Europe,Italy,ğŸ‡®ğŸ‡¹,Cultural,No
Historic Centre of Vienna,Europe,Austria,ğŸ‡¦ğŸ‡¹,Cultural,Endangered
Historic Centre of Warsaw,Europe,Poland,ğŸ‡µğŸ‡±,Cultural,No
Historic Centre of Zacatecas,North America,Mexico,ğŸ‡²ğŸ‡½,Cultural,No
Historic Centre of the City of Pienza,Europe,Italy,ğŸ‡®ğŸ‡¹,Cultural,No
Historic Centre of the City of Salzburg,Europe,Austria,ğŸ‡¦ğŸ‡¹,Cultural,No
Historic Centre of the Town of Diamantina,South America,Brazil,ğŸ‡§ğŸ‡·,Cultural,No
Historic Centre of the Town of GoiÃ¡s,South America,Brazil,ğŸ‡§ğŸ‡·,Cultural,No
Historic Centre of the Town of Olinda,South America,Brazil,ğŸ‡§ğŸ‡·,Cultural,No
Historic Centre of Ã‰vora,Europe,Portugal,ğŸ‡µğŸ‡¹,Cultural,No
Historic Centre of ÄŒeskÃ½ Krumlov,Europe,Czechia,ğŸ‡¨ğŸ‡¿,Cultural,No
Historic Centres of Berat and Gjirokastra,Europe,Albania,ğŸ‡¦ğŸ‡±,Cultural,No
Historic Centres of Stralsund and Wismar,Europe,Germany,ğŸ‡©ğŸ‡ª,Cultural,No
Historic City of Ahmadabad,Asia,India,ğŸ‡®ğŸ‡³,Cultural,No
Historic City of Ayutthaya,Asia,Thailand,ğŸ‡¹ğŸ‡­,Cultural,No
Historic City of Meknes,Africa,Morocco,ğŸ‡²ğŸ‡¦,Cultural,No
Historic City of Sucre,South America,Bolivia,ğŸ‡§ğŸ‡´,Cultural,No
Historic City of Toledo,Europe,Spain,ğŸ‡ªğŸ‡¸,Cultural,No
Historic City of Trogir,Europe,Croatia,ğŸ‡­ğŸ‡·,Cultural,No
Historic City of Vigan,Asia,Philippines,ğŸ‡µğŸ‡­,Cultural,No
Historic City of Yazd,Asia,Iran,ğŸ‡®ğŸ‡·,Cultural,No
Historic District of Old QuÃ©bec,North America,Canada,ğŸ‡¨ğŸ‡¦,Cultural,No
"Historic Ensemble of the Potala Palace, Lhasa",Asia,China,ğŸ‡¨ğŸ‡³,Cultural,No
Historic Fortified City of Carcassonne,Europe,France,ğŸ‡«ğŸ‡·,Cultural,No
Historic Fortified Town of Campeche,North America,Mexico,ğŸ‡²ğŸ‡½,Cultural,No
Historic Inner City of Paramaribo,South America,Suriname,ğŸ‡¸ğŸ‡·,Cultural,No
"Historic Jeddah, the Gate to Makkah",Asia,Saudi Arabia,ğŸ‡¸ğŸ‡¦,Cultural,No
Historic Monuments Zone of QuerÃ©taro,North America,Mexico,ğŸ‡²ğŸ‡½,Cultural,No
Historic Monuments Zone of Tlacotalpan,North America,Mexico,ğŸ‡²ğŸ‡½,Cultural,No
Historic Monuments and Sites in Kaesong,Asia,North Korea,ğŸ‡°ğŸ‡µ,Cultural,No
"Historic Monuments of Ancient Kyoto (Kyoto, Uji and Otsu Cities)",Asia,Japan,ğŸ‡¯ğŸ‡µ,Cultural,No
Historic Monuments of Ancient Nara,Asia,Japan,ğŸ‡¯ğŸ‡µ,Cultural,No
Historic Monuments of Dengfeng in â€œThe Centre of Heaven and Earthâ€,Asia,China,ğŸ‡¨ğŸ‡³,Cultural,No
Historic Monuments of Novgorod and Surroundings,Europe,Russia,ğŸ‡·ğŸ‡º,Cultural,No
Historic Mosque City of Bagerhat,Asia,Bangladesh,ğŸ‡§ğŸ‡©,Cultural,No
Historic Quarter of the City of Colonia del Sacramento,South America,Uruguay,ğŸ‡ºğŸ‡¾,Cultural,No
Historic Quarter of the Seaport City of ValparaÃ­so,South America,Chile,ğŸ‡¨ğŸ‡±,Cultural,No
Historic Sanctuary of Machu Picchu,South America,Peru,ğŸ‡µğŸ‡ª,Mixed,No
Historic Site of Lyon,Europe,France,ğŸ‡«ğŸ‡·,Cultural,No
Historic Town of BanskÃ¡ Å tiavnica and the Technical Monuments in its Vicinity,Europe,Slovakia,ğŸ‡¸ğŸ‡°,Cultural,No
Historic Town of Grand-Bassam,Africa,Ivory Coast,,Cultural,No
Historic Town of Guanajuato and Adjacent Mines,North America,Mexico,ğŸ‡²ğŸ‡½,Cultural,No
Historic Town of Ouro Preto,South America,Brazil,ğŸ‡§ğŸ‡·,Cultural,No
"Historic Town of St George and Related Fortifications, Bermuda",Europe,United Kingdom,ğŸ‡¬ğŸ‡§,Cultural,No
Historic Town of Sukhothai and Associated Historic Towns,Asia,Thailand,ğŸ‡¹ğŸ‡­,Cultural,No
Historic Town of Zabid,Asia,Yemen,ğŸ‡¾ğŸ‡ª,Cultural,Endangered
Historic Villages of Korea: Hahoe and Yangdong,Asia,South Korea,ğŸ‡°ğŸ‡·,Cultural,No
Historic Villages of Shirakawa-go and Gokayama,Asia,Japan,ğŸ‡¯ğŸ‡µ,Cultural,No
Historic Walled Town of Cuenca,Europe,Spain,ğŸ‡ªğŸ‡¸,Cultural,No
Historic and Architectural Complex of the Kazan Kremlin,Europe,Russia,ğŸ‡·ğŸ‡º,Cultural,No
Historical Centre of the City of Arequipa,South America,Peru,ğŸ‡µğŸ‡ª,Cultural,No
Historical Centre of the City of Yaroslavl,Europe,Russia,ğŸ‡·ğŸ‡º,Cultural,No
Historical Complex of Split with the Palace of Diocletian,Europe,Croatia,ğŸ‡­ğŸ‡·,Cultural,No
"Historical Monuments at Makli, Thatta",Asia,Pakistan,ğŸ‡µğŸ‡°,Cultural,No
Historical Monuments of Mtskheta,Asia,Georgia,ğŸ‡¬ğŸ‡ª,Cultural,No
Hoi An Ancient Town,Asia,Vietnam,ğŸ‡»ğŸ‡³,Cultural,No
HolaÅ¡ovice Historic Village,Europe,Czechia,ğŸ‡¨ğŸ‡¿,Cultural,No
Holy Trinity Column in Olomouc,Europe,Czechia,ğŸ‡¨ğŸ‡¿,Cultural,No
Hopewell Ceremonial Earthworks,North America,United States,ğŸ‡ºğŸ‡¸,Cultural,No
HortobÃ¡gy National Park - thePuszta,Europe,Hungary,ğŸ‡­ğŸ‡º,Cultural,No
"Hospicio CabaÃ±as, Guadalajara",North America,Mexico,ğŸ‡²ğŸ‡½,Cultural,No
Huanglong Scenic and Historic Interest Area,Asia,China,ğŸ‡¨ğŸ‡³,Natural,No
HuascarÃ¡n National Park,South America,Peru,ğŸ‡µğŸ‡ª,Natural,No
Hubei Shennongjia,Asia,China,ğŸ‡¨ğŸ‡³,Natural,No
"Human Rights, Liberation and Reconciliation: Nelson Mandela Legacy Sites",Africa,South Africa,ğŸ‡¿ğŸ‡¦,Cultural,No
"Humayun's Tomb, Delhi",Asia,India,ğŸ‡®ğŸ‡³,Cultural,No
Humberstone and Santa Laura Saltpeter Works,South America,Chile,ğŸ‡¨ğŸ‡±,Cultural,No
Hwaseong Fortress,Asia,South Korea,ğŸ‡°ğŸ‡·,Cultural,No
Hyrcanian Forests,Asia,"Azerbaijan, Iran","ğŸ‡¦ğŸ‡¿, ğŸ‡®ğŸ‡·",Natural,No
"Ibiza, Biodiversity and Culture",Europe,Spain,ğŸ‡ªğŸ‡¸,Mixed,No
Ichkeul National Park,Africa,Tunisia,ğŸ‡¹ğŸ‡³,Natural,No
Iguazu National Park,South America,Argentina,ğŸ‡¦ğŸ‡·,Natural,No
IguaÃ§u National Park,South America,Brazil,ğŸ‡§ğŸ‡·,Natural,No
Ilulissat Icefjord,Europe,Denmark,ğŸ‡©ğŸ‡°,Natural,No
Imperial Palaces of the Ming and Qing Dynasties in Beijing and Shenyang,Asia,China,ğŸ‡¨ğŸ‡³,Cultural,No
Imperial Tombs of the Ming and Qing Dynasties,Asia,China,ğŸ‡¨ğŸ‡³,Cultural,No
Incense Route - Desert Cities in the Negev,Asia,Israel,ğŸ‡®ğŸ‡±,Cultural,No
Independence Hall,North America,United States,ğŸ‡ºğŸ‡¸,Cultural,No
Ir.D.F. Woudagemaal (D.F. Wouda Steam Pumping Station),Europe,Netherlands,ğŸ‡³ğŸ‡±,Cultural,No
Ironbridge Gorge,Europe,United Kingdom,ğŸ‡¬ğŸ‡§,Cultural,No
Ischigualasto / Talampaya Natural Parks,South America,Argentina,ğŸ‡¦ğŸ‡·,Natural,No
Island of GorÃ©e,Africa,Senegal,ğŸ‡¸ğŸ‡³,Cultural,No
Island of Mozambique,Africa,Mozambique,ğŸ‡²ğŸ‡¿,Cultural,No
Island of Saint-Louis,Africa,Senegal,ğŸ‡¸ğŸ‡³,Cultural,No
Islands and Protected Areas of the Gulf of California,North America,Mexico,ğŸ‡²ğŸ‡½,Natural,Endangered
Isole Eolie (Aeolian Islands),Europe,Italy,ğŸ‡®ğŸ‡¹,Natural,No
Itchan Kala,Asia,Uzbekistan,ğŸ‡ºğŸ‡¿,Cultural,No
Itsukushima Shinto Shrine,Asia,Japan,ğŸ‡¯ğŸ‡µ,Cultural,No
Ivindo National Park,Africa,Gabon,ğŸ‡¬ğŸ‡¦,Natural,No
"Ivrea, industrial city of the 20th century",Europe,Italy,ğŸ‡®ğŸ‡¹,Cultural,No
Iwami Ginzan Silver Mine and its Cultural Landscape,Asia,Japan,ğŸ‡¯ğŸ‡µ,Cultural,No
"Jaipur City, Rajasthan",Asia,India,ğŸ‡®ğŸ‡³,Cultural,No
Jeju Volcanic Island and Lava Tubes,Asia,South Korea,ğŸ‡°ğŸ‡·,Natural,No
"Jelling Mounds, Runic Stones and Church",Europe,Denmark,ğŸ‡©ğŸ‡°,Cultural,No
Jesuit Block and Estancias of CÃ³rdoba,South America,Argentina,ğŸ‡¦ğŸ‡·,Cultural,No
Jesuit Missions of La SantÃ­sima Trinidad de ParanÃ¡ and JesÃºs de Tavarangue,South America,Paraguay,ğŸ‡µğŸ‡¾,Cultural,No
Jesuit Missions of the Chiquitos,South America,Bolivia,ğŸ‡§ğŸ‡´,Cultural,No
"Jesuit Missions of the Guaranis: San Ignacio Mini, Santa Ana, Nuestra SeÃ±ora de Loreto and Santa Maria Mayor (Argentina), Ruins of Sao Miguel das Missoes (Brazil)",South America,"Argentina, Brazil","ğŸ‡¦ğŸ‡·, ğŸ‡§ğŸ‡·",Cultural,No
Jewish Quarter and St Procopius' Basilica in TÅ™ebÃ­Ä,Europe,Czechia,ğŸ‡¨ğŸ‡¿,Cultural,No
Jewish-Medieval Heritage of Erfurt,Europe,Germany,ğŸ‡©ğŸ‡ª,Cultural,No
Jiuzhaigou Valley Scenic and Historic Interest Area,Asia,China,ğŸ‡¨ğŸ‡³,Natural,No
Jodensavanne Archaeological Site: Jodensavanne Settlement and Cassipora Creek Cemetery,South America,Suriname,ğŸ‡¸ğŸ‡·,Cultural,No
Jodrell Bank Observatory,Europe,United Kingdom,ğŸ‡¬ğŸ‡§,Cultural,No
Joggins Fossil Cliffs,North America,Canada,ğŸ‡¨ğŸ‡¦,Natural,No
Jomon Prehistoric Sites in Northern Japan,Asia,Japan,ğŸ‡¯ğŸ‡µ,Cultural,No
Jongmyo Shrine,Asia,South Korea,ğŸ‡°ğŸ‡·,Cultural,No
Joya de CerÃ©n Archaeological Site,North America,El Salvador,ğŸ‡¸ğŸ‡»,Cultural,No
Jurisdiction of Saint-Emilion,Europe,France,ğŸ‡«ğŸ‡·,Cultural,No
Kaeng Krachan Forest Complex,Asia,Thailand,ğŸ‡¹ğŸ‡­,Natural,No
Kahuzi-Biega National Park,,DR Congo,ğŸ‡¨ğŸ‡©,Natural,Endangered
Kaiping Diaolou and Villages,Asia,China,ğŸ‡¨ğŸ‡³,Cultural,No
Kairouan,Africa,Tunisia,ğŸ‡¹ğŸ‡³,Cultural,No
Kakadu National Park,Oceania,Australia,ğŸ‡¦ğŸ‡º,Mixed,No
"Kakatiya Rudreshwara (Ramappa) Temple, Telangana",Asia,India,ğŸ‡®ğŸ‡³,Cultural,No
Kalwaria Zebrzydowska: the Mannerist Architectural and Park Landscape Complex and Pilgrimage Park,Europe,Poland,ğŸ‡µğŸ‡±,Cultural,No
Kasbah of Algiers,Africa,Algeria,ğŸ‡©ğŸ‡¿,Cultural,No
Kathmandu Valley,Asia,Nepal,ğŸ‡³ğŸ‡µ,Cultural,No
Kaziranga National Park,Asia,India,ğŸ‡®ğŸ‡³,Natural,No
Kenya Lake System in the Great Rift Valley,Africa,Kenya,ğŸ‡°ğŸ‡ª,Natural,No
Keoladeo National Park,Asia,India,ğŸ‡®ğŸ‡³,Natural,No
KernavÄ— Archaeological Site (Cultural Reserve of KernavÄ—),Europe,Lithuania,ğŸ‡±ğŸ‡¹,Cultural,No
Khajuraho Group of Monuments,Asia,India,ğŸ‡®ğŸ‡³,Cultural,No
Khami Ruins National Monument,Africa,Zimbabwe,ğŸ‡¿ğŸ‡¼,Cultural,No
Khangchendzonga National Park,Asia,India,ğŸ‡®ğŸ‡³,Mixed,No
Kilimanjaro National Park,Africa,Tanzania,ğŸ‡¹ğŸ‡¿,Natural,No
Kinabalu Park,Asia,Malaysia,ğŸ‡²ğŸ‡¾,Natural,No
Kizhi Pogost,Europe,Russia,ğŸ‡·ğŸ‡º,Cultural,No
Kluane / Wrangell-St. Elias / Glacier Bay / Tatshenshini-Alsek,North America,"Canada, United States","ğŸ‡¨ğŸ‡¦, ğŸ‡ºğŸ‡¸",Natural,No
Koh Ker: Archaeological Site of Ancient Lingapura or Chok Gargyar,Asia,Cambodia,ğŸ‡°ğŸ‡­,Cultural,No
Komodo National Park,Asia,Indonesia,ğŸ‡®ğŸ‡©,Natural,No
Kondoa Rock-Art Sites,Africa,Tanzania,ğŸ‡¹ğŸ‡¿,Cultural,No
Konso Cultural Landscape,Africa,Ethiopia,ğŸ‡ªğŸ‡¹,Cultural,No
"Koutammakou, the Land of the Batammariba",Africa,"Benin, Togo","ğŸ‡§ğŸ‡¯, ğŸ‡¹ğŸ‡¬",Cultural,No
"Kremlin and Red Square, Moscow",Europe,Russia,ğŸ‡·ğŸ‡º,Cultural,No
Kronborg Castle,Europe,Denmark,ğŸ‡©ğŸ‡°,Cultural,No
Krzemionki Prehistoric Striped Flint Mining Region,Europe,Poland,ğŸ‡µğŸ‡±,Cultural,No
Ksar of Ait-Ben-Haddou,Africa,Morocco,ğŸ‡²ğŸ‡¦,Cultural,No
Kujataa Greenland: Norse and Inuit Farming at the Edge of the Ice Cap,Europe,Denmark,ğŸ‡©ğŸ‡°,Cultural,No
Kuk Early Agricultural Site,Oceania,Papua New Guinea,ğŸ‡µğŸ‡¬,Cultural,No
"Kulangsu, a Historic International Settlement",Asia,China,ğŸ‡¨ğŸ‡³,Cultural,No
Kunta Kinteh Island and Related Sites,Africa,Gambia,ğŸ‡¬ğŸ‡²,Cultural,No
Kunya-Urgench,Asia,Turkmenistan,ğŸ‡¹ğŸ‡²,Cultural,No
KutnÃ¡ Hora: Historical Town Centre with the Church of St Barbara and the Cathedral of Our Lady at Sedlec,Europe,Czechia,ğŸ‡¨ğŸ‡¿,Cultural,No
"Kyiv: Saint-Sophia Cathedral and Related Monastic Buildings, Kyiv-Pechersk Lavra",Europe,Ukraine,ğŸ‡ºğŸ‡¦,Cultural,Endangered
Kâ€™gari (Fraser Island),Oceania,Australia,ğŸ‡¦ğŸ‡º,Natural,No
L'viv â€“ the Ensemble of the Historic Centre,Europe,Ukraine,ğŸ‡ºğŸ‡¦,Cultural,Endangered
"La Chaux-de-Fonds / Le Locle, Watchmaking Town Planning",Europe,Switzerland,ğŸ‡¨ğŸ‡­,Cultural,No
La Fortaleza and San Juan National Historic Site in Puerto Rico,North America,United States,ğŸ‡ºğŸ‡¸,Cultural,No
"La Grand-Place, Brussels",Europe,Belgium,ğŸ‡§ğŸ‡ª,Cultural,No
La Lonja de la Seda de Valencia,Europe,Spain,ğŸ‡ªğŸ‡¸,Cultural,No
Lagoons of New Caledonia: Reef Diversity and Associated Ecosystems,Europe,France,ğŸ‡«ğŸ‡·,Natural,No
Lake Baikal,Europe,Russia,ğŸ‡·ğŸ‡º,Natural,No
Lake Malawi National Park,Africa,Malawi,ğŸ‡²ğŸ‡¼,Natural,No
Lake Turkana National Parks,Africa,Kenya,ğŸ‡°ğŸ‡ª,Natural,Endangered
Lakes of Ounianga,Africa,Chad,ğŸ‡¹ğŸ‡©,Natural,No
Lamu Old Town,Africa,Kenya,ğŸ‡°ğŸ‡ª,Cultural,No
Land of Frankincense,Asia,Oman,ğŸ‡´ğŸ‡²,Cultural,No
"Landmarks of the Ancient Kingdom of Saba, Marib",Asia,Yemen,ğŸ‡¾ğŸ‡ª,Cultural,Endangered
Landscape for Breeding and Training of Ceremonial Carriage Horses at Kladruby nad Labem,Europe,Czechia,ğŸ‡¨ğŸ‡¿,Cultural,No
Landscape of Grand PrÃ©,North America,Canada,ğŸ‡¨ğŸ‡¦,Cultural,No
Landscape of the Pico Island Vineyard Culture,Europe,Portugal,ğŸ‡µğŸ‡¹,Cultural,No
Landscapes of Dauria,"Asia, Europe","Mongolia, Russia","ğŸ‡²ğŸ‡³, ğŸ‡·ğŸ‡º",Natural,No
Laponian Area,Europe,Sweden,ğŸ‡¸ğŸ‡ª,Mixed,No
Las MÃ©dulas,Europe,Spain,ğŸ‡ªğŸ‡¸,Cultural,No
Late Baroque Towns of the Val di Noto (South-Eastern Sicily),Europe,Italy,ğŸ‡®ğŸ‡¹,Cultural,No
Laurisilva of Madeira,Europe,Portugal,ğŸ‡µğŸ‡¹,Natural,No
"Lavaux, Vineyard Terraces",Europe,Switzerland,ğŸ‡¨ğŸ‡­,Cultural,No
Le Colline del Prosecco di Conegliano e Valdobbiadene,Europe,Italy,ğŸ‡®ğŸ‡¹,Cultural,No
"Le Havre, the City Rebuilt by Auguste Perret",Europe,France,ğŸ‡«ğŸ‡·,Cultural,No
Le Morne Cultural Landscape,Africa,Mauritius,ğŸ‡²ğŸ‡º,Cultural,No
Lednice-Valtice Cultural Landscape,Europe,Czechia,ğŸ‡¨ğŸ‡¿,Cultural,No
Lena Pillars Nature Park,Europe,Russia,ğŸ‡·ğŸ‡º,Natural,No
LenÃ§Ã³is Maranhenses National Park,South America,Brazil,ğŸ‡§ğŸ‡·,Natural,No
"LevoÄa, SpiÅ¡skÃ½ Hrad and the Associated Cultural Monuments",Europe,Slovakia,ğŸ‡¸ğŸ‡°,Cultural,No
Levuka Historical Port Town,Oceania,Fiji,ğŸ‡«ğŸ‡¯,Cultural,No
LeÃ³n Cathedral,North America,Nicaragua,ğŸ‡³ğŸ‡®,Cultural,No
Lines and Geoglyphs of Nasca and Palpa,South America,Peru,ğŸ‡µğŸ‡ª,Cultural,No
LitomyÅ¡l Castle,Europe,Czechia,ğŸ‡¨ğŸ‡¿,Cultural,No
Liverpool â€“ Maritime Mercantile City,Europe,United Kingdom,ğŸ‡¬ğŸ‡§,Cultural,No
Longmen Grottoes,Asia,China,ğŸ‡¨ğŸ‡³,Cultural,No
Longobards in Italy. Places of the Power (568-774 A.D.),Europe,Italy,ğŸ‡®ğŸ‡¹,Cultural,No
Lord Howe Island Group,Oceania,Australia,ğŸ‡¦ğŸ‡º,Natural,No
Lorentz National Park,Asia,Indonesia,ğŸ‡®ğŸ‡©,Natural,No
Los Alerces National Park,South America,Argentina,ğŸ‡¦ğŸ‡·,Natural,No
Los Glaciares National Park,South America,Argentina,ğŸ‡¦ğŸ‡·,Natural,No
Los KatÃ­os National Park,South America,Colombia,ğŸ‡¨ğŸ‡´,Natural,No
Lower Valley of the Awash,Africa,Ethiopia,ğŸ‡ªğŸ‡¹,Cultural,No
Lower Valley of the Omo,Africa,Ethiopia,ğŸ‡ªğŸ‡¹,Cultural,No
Luis BarragÃ¡n House and Studio,North America,Mexico,ğŸ‡²ğŸ‡½,Cultural,No
"Lumbini, the Birthplace of the Lord Buddha",Asia,Nepal,ğŸ‡³ğŸ‡µ,Cultural,No
Lushan National Park,Asia,China,ğŸ‡¨ğŸ‡³,Cultural,No
Lut Desert,Asia,Iran,ğŸ‡®ğŸ‡·,Natural,No
Luther Memorials in Eisleben and Wittenberg,Europe,Germany,ğŸ‡©ğŸ‡ª,Cultural,No
Lâ€™Anse aux Meadows National Historic Site,North America,Canada,ğŸ‡¨ğŸ‡¦,Cultural,No
M'Zab Valley,Africa,Algeria,ğŸ‡©ğŸ‡¿,Cultural,No
Macquarie Island,Oceania,Australia,ğŸ‡¦ğŸ‡º,Natural,No
Madara Rider,Europe,Bulgaria,ğŸ‡§ğŸ‡¬,Cultural,No
Madriu-Perafita-Claror Valley,Europe,Andorra,ğŸ‡¦ğŸ‡©,Cultural,No
Mahabodhi Temple Complex at Bodh Gaya,Asia,India,ğŸ‡®ğŸ‡³,Cultural,No
Major Mining Sites of Wallonia,Europe,Belgium,ğŸ‡§ğŸ‡ª,Cultural,No
Major Town Houses of the Architect Victor Horta (Brussels),Europe,Belgium,ğŸ‡§ğŸ‡ª,Cultural,No
Maloti-Drakensberg Park,Africa,"Lesotho, South Africa","ğŸ‡±ğŸ‡¸, ğŸ‡¿ğŸ‡¦",Mixed,No
Malpelo Fauna and Flora Sanctuary,South America,Colombia,ğŸ‡¨ğŸ‡´,Natural,No
Mammoth Cave National Park,North America,United States,ğŸ‡ºğŸ‡¸,Natural,No
"Mana Pools National Park, Sapi and Chewore Safari Areas",Africa,Zimbabwe,ğŸ‡¿ğŸ‡¼,Natural,No
Manas Wildlife Sanctuary,Asia,India,ğŸ‡®ğŸ‡³,Natural,No
Manovo-Gounda St Floris National Park,Africa,Central African Republic,ğŸ‡¨ğŸ‡«,Natural,Endangered
Mantua and Sabbioneta,Europe,Italy,ğŸ‡®ğŸ‡¹,Cultural,No
ManÃº National Park,South America,Peru,ğŸ‡µğŸ‡ª,Natural,No
Mapungubwe Cultural Landscape,Africa,South Africa,ğŸ‡¿ğŸ‡¦,Cultural,No
Margravial Opera House Bayreuth,Europe,Germany,ğŸ‡©ğŸ‡ª,Cultural,No
Maritime Greenwich,Europe,United Kingdom,ğŸ‡¬ğŸ‡§,Cultural,No
Masada,Asia,Israel,ğŸ‡®ğŸ‡±,Cultural,No
Masjed-e JÄmÃ© of Isfahan,Asia,Iran,ğŸ‡®ğŸ‡·,Cultural,No
MathildenhÃ¶he Darmstadt,Europe,Germany,ğŸ‡©ğŸ‡ª,Cultural,No
Matobo Hills,Africa,Zimbabwe,ğŸ‡¿ğŸ‡¼,Cultural,No
Maulbronn Monastery Complex,Europe,Germany,ğŸ‡©ğŸ‡ª,Cultural,No
Mausoleum of Khoja Ahmed Yasawi,Asia,Kazakhstan,ğŸ‡°ğŸ‡¿,Cultural,No
Mausoleum of the First Qin Emperor,Asia,China,ğŸ‡¨ğŸ‡³,Cultural,No
Maya Site of Copan,North America,Honduras,ğŸ‡­ğŸ‡³,Cultural,No
"Mbanza Kongo, Vestiges of the Capital of the former Kingdom of Kongo",Africa,Angola,ğŸ‡¦ğŸ‡´,Cultural,No
Medici Villas and Gardens in Tuscany,Europe,Italy,ğŸ‡®ğŸ‡¹,Cultural,No
Medieval City of Rhodes,Europe,Greece,ğŸ‡¬ğŸ‡·,Cultural,No
Medieval Monuments in Kosovo,Europe,Serbia,ğŸ‡·ğŸ‡¸,Cultural,Endangered
Medieval Town of ToruÅ„,Europe,Poland,ğŸ‡µğŸ‡±,Cultural,No
Medina of Essaouira (formerly Mogador),Africa,Morocco,ğŸ‡²ğŸ‡¦,Cultural,No
Medina of Fez,Africa,Morocco,ğŸ‡²ğŸ‡¦,Cultural,No
Medina of Marrakesh,Africa,Morocco,ğŸ‡²ğŸ‡¦,Cultural,No
Medina of Sousse,Africa,Tunisia,ğŸ‡¹ğŸ‡³,Cultural,No
Medina of Tunis,Africa,Tunisia,ğŸ‡¹ğŸ‡³,Cultural,No
Medina of TÃ©touan (formerly known as Titawin),Africa,Morocco,ğŸ‡²ğŸ‡¦,Cultural,No
Megalithic Jar Sites in Xiengkhuang â€“ Plain of Jars,Asia,Laos,ğŸ‡±ğŸ‡¦,Cultural,No
Megalithic Temples of Malta,Europe,Malta,ğŸ‡²ğŸ‡¹,Cultural,No
Mehmed PaÅ¡a SokoloviÄ‡ Bridge in ViÅ¡egrad,Europe,Bosnia and Herzegovina,ğŸ‡§ğŸ‡¦,Cultural,No
"Meidan Emam, Esfahan",Asia,Iran,ğŸ‡®ğŸ‡·,Cultural,No
"Melaka and George Town, Historic Cities of the Straits of Malacca",Asia,Malaysia,ğŸ‡²ğŸ‡¾,Cultural,No
Melka Kunture and Balchit: Archaeological and Palaeontological Sites in the Highland Area of Ethiopia,Africa,Ethiopia,ğŸ‡ªğŸ‡¹,Cultural,No
"Memorial sites of the Genocide: Nyamata, Murambi, Gisozi and Bisesero",Africa,Rwanda,ğŸ‡·ğŸ‡¼,Cultural,No
Memphis and its Necropolis â€“ the Pyramid Fields from Giza to Dahshur,Africa,Egypt,ğŸ‡ªğŸ‡¬,Cultural,No
Mesa Verde National Park,North America,United States,ğŸ‡ºğŸ‡¸,Cultural,No
Messel Pit Fossil Site,Europe,Germany,ğŸ‡©ğŸ‡ª,Natural,No
Meteora,Europe,Greece,ğŸ‡¬ğŸ‡·,Mixed,No
Migratory Bird Sanctuaries along the Coast of Yellow Sea-Bohai Gulf of China,Asia,China,ğŸ‡¨ğŸ‡³,Natural,No
Miguasha National Park,North America,Canada,ğŸ‡¨ğŸ‡¦,Natural,No
Mill Network at Kinderdijk-Elshout,Europe,Netherlands,ğŸ‡³ğŸ‡±,Cultural,No
Millenary Benedictine Abbey of Pannonhalma and its Natural Environment,Europe,Hungary,ğŸ‡­ğŸ‡º,Cultural,No
Minaret and Archaeological Remains of Jam,Asia,Afghanistan,ğŸ‡¦ğŸ‡«,Cultural,Endangered
"Mines of Rammelsberg, Historic Town of Goslar and Upper Harz Water Management System",Europe,Germany,ğŸ‡©ğŸ‡ª,Cultural,No
Mining Area of the Great Copper Mountain in Falun,Europe,Sweden,ğŸ‡¸ğŸ‡ª,Cultural,No
Mir Castle Complex,Europe,Belarus,ğŸ‡§ğŸ‡¾,Cultural,No
Mistaken Point,North America,Canada,ğŸ‡¨ğŸ‡¦,Natural,No
"Modernist Kaunas: Architecture of Optimism, 1919-1939",Europe,Lithuania,ğŸ‡±ğŸ‡¹,Cultural,No
Mogao Caves,Asia,China,ğŸ‡¨ğŸ‡³,Cultural,No
Moidams â€“ the Mound-Burial System of the Ahom Dynasty,Asia,India,ğŸ‡®ğŸ‡³,Cultural,No
Monarch Butterfly Biosphere Reserve,North America,Mexico,ğŸ‡²ğŸ‡½,Natural,No
"Monasteries of Daphni, Hosios Loukas and Nea Moni of Chios",Europe,Greece,ğŸ‡¬ğŸ‡·,Cultural,No
Monasteries of Haghpat and Sanahin,Asia,Armenia,ğŸ‡¦ğŸ‡²,Cultural,No
"Monastery and Site of the Escurial, Madrid",Europe,Spain,ğŸ‡ªğŸ‡¸,Cultural,No
Monastery of AlcobaÃ§a,Europe,Portugal,ğŸ‡µğŸ‡¹,Cultural,No
Monastery of Batalha,Europe,Portugal,ğŸ‡µğŸ‡¹,Cultural,No
Monastery of Geghard and the Upper Azat Valley,Asia,Armenia,ğŸ‡¦ğŸ‡²,Cultural,No
Monastery of Horezu,Europe,Romania,ğŸ‡·ğŸ‡´,Cultural,No
Monastery of the Hieronymites and Tower of BelÃ©m in Lisbon,Europe,Portugal,ğŸ‡µğŸ‡¹,Cultural,No
Monastic Island of Reichenau,Europe,Germany,ğŸ‡©ğŸ‡ª,Cultural,No
Mont-Saint-Michel and its Bay,Europe,France,ğŸ‡«ğŸ‡·,Cultural,No
Monte San Giorgio,Europe,"Italy, Switzerland","ğŸ‡¨ğŸ‡­, ğŸ‡®ğŸ‡¹",Natural,No
Monticello and the University of Virginia in Charlottesville,North America,United States,ğŸ‡ºğŸ‡¸,Cultural,No
Monumental Earthworks of Poverty Point,North America,United States,ğŸ‡ºğŸ‡¸,Cultural,No
Monuments of Oviedo and the Kingdom of the Asturias,Europe,Spain,ğŸ‡ªğŸ‡¸,Cultural,No
Moravian Church Settlements,"Europe, North America","Denmark, Germany, United Kingdom, United States","ğŸ‡©ğŸ‡ª, ğŸ‡©ğŸ‡°, ğŸ‡¬ğŸ‡§, ğŸ‡ºğŸ‡¸",Cultural,No
Morne Trois Pitons National Park,North America,Dominica,ğŸ‡©ğŸ‡²,Natural,No
Mosi-oa-Tunya / Victoria Falls,Africa,"Zambia, Zimbabwe","ğŸ‡¿ğŸ‡², ğŸ‡¿ğŸ‡¼",Natural,No
Mount Athos,Europe,Greece,ğŸ‡¬ğŸ‡·,Mixed,No
"Mount Emei Scenic Area, including Leshan Giant Buddha Scenic Area",Asia,China,ğŸ‡¨ğŸ‡³,Mixed,No
Mount Etna,Europe,Italy,ğŸ‡®ğŸ‡¹,Natural,No
Mount Hamiguitan Range Wildlife Sanctuary,Asia,Philippines,ğŸ‡µğŸ‡­,Natural,No
Mount Huangshan,Asia,China,ğŸ‡¨ğŸ‡³,Mixed,No
Mount Kenya National Park/Natural Forest,Africa,Kenya,ğŸ‡°ğŸ‡ª,Natural,No
Mount Nimba Strict Nature Reserve,Africa,"Guinea, Ivory Coast",", ğŸ‡¬ğŸ‡³",Natural,Endangered
Mount Qingcheng and the Dujiangyan Irrigation System,Asia,China,ğŸ‡¨ğŸ‡³,Cultural,No
Mount Sanqingshan National Park,Asia,China,ğŸ‡¨ğŸ‡³,Natural,No
Mount Taishan,Asia,China,ğŸ‡¨ğŸ‡³,Mixed,No
Mount Wutai,Asia,China,ğŸ‡¨ğŸ‡³,Cultural,No
Mount Wuyi,Asia,China,ğŸ‡¨ğŸ‡³,Mixed,No
Mountain Railways of India,Asia,India,ğŸ‡®ğŸ‡³,Cultural,No
"Mountain Resort and its Outlying Temples, Chengde",Asia,China,ğŸ‡¨ğŸ‡³,Cultural,No
Mozu-Furuichi Kofun Group: Mounded Tombs of Ancient Japan,Asia,Japan,ğŸ‡¯ğŸ‡µ,Cultural,No
Mudejar Architecture of Aragon,Europe,Spain,ğŸ‡ªğŸ‡¸,Cultural,No
"Museumsinsel (Museum Island), Berlin",Europe,Germany,ğŸ‡©ğŸ‡ª,Cultural,No
Muskauer Park / Park MuÅ¼akowski,Europe,"Germany, Poland","ğŸ‡©ğŸ‡ª, ğŸ‡µğŸ‡±",Cultural,No
My Son Sanctuary,Asia,Vietnam,ğŸ‡»ğŸ‡³,Cultural,No
Nahanni National Park,North America,Canada,ğŸ‡¨ğŸ‡¦,Natural,No
Namhansanseong,Asia,South Korea,ğŸ‡°ğŸ‡·,Cultural,No
Namib Sand Sea,Africa,Namibia,ğŸ‡³ğŸ‡¦,Natural,No
Nan Madol: Ceremonial Centre of Eastern Micronesia,Oceania,Micronesia,ğŸ‡«ğŸ‡²,Cultural,Endangered
Nanda Devi and Valley of Flowers National Parks,Asia,India,ğŸ‡®ğŸ‡³,Natural,No
National Archaeological Park Takâ€™alik Abâ€™aj,North America,Guatemala,ğŸ‡¬ğŸ‡¹,Cultural,No
National Archeological Park of Tierradentro,South America,Colombia,ğŸ‡¨ğŸ‡´,Cultural,No
"National History Park â€“ Citadel, Sans Souci, Ramiers",North America,Haiti,ğŸ‡­ğŸ‡¹,Cultural,No
Natural System of Wrangel Island Reserve,Europe,Russia,ğŸ‡·ğŸ‡º,Natural,No
Natural and Cultural Heritage of the Ohrid region,Europe,"Albania, North Macedonia","ğŸ‡¦ğŸ‡±, ğŸ‡²ğŸ‡°",Mixed,No
Natural and Culturo-Historical Region of Kotor,Europe,Montenegro,ğŸ‡²ğŸ‡ª,Cultural,No
Naumburg Cathedral,Europe,Germany,ğŸ‡©ğŸ‡ª,Cultural,No
Naval Port of Karlskrona,Europe,Sweden,ğŸ‡¸ğŸ‡ª,Cultural,No
Necropolis of Bet Sheâ€™arim: A Landmark of Jewish Renewal,Asia,Israel,ğŸ‡®ğŸ‡±,Cultural,No
Nemrut DaÄŸ,Asia,Turkey,ğŸ‡¹ğŸ‡·,Cultural,No
Neolithic Flint Mines at Spiennes (Mons),Europe,Belgium,ğŸ‡§ğŸ‡ª,Cultural,No
Neolithic Site of Ã‡atalhÃ¶yÃ¼k,Asia,Turkey,ğŸ‡¹ğŸ‡·,Cultural,No
New Lanark,Europe,United Kingdom,ğŸ‡¬ğŸ‡§,Cultural,No
New Zealand Sub-Antarctic Islands,Oceania,New Zealand,ğŸ‡³ğŸ‡¿,Natural,No
Ngorongoro Conservation Area,Africa,Tanzania,ğŸ‡¹ğŸ‡¿,Mixed,No
"Nice, Winter Resort Town of the Riviera",Europe,France,ğŸ‡«ğŸ‡·,Cultural,No
Ningaloo Coast,Oceania,Australia,ğŸ‡¦ğŸ‡º,Natural,No
Niokolo-Koba National Park,Africa,Senegal,ğŸ‡¸ğŸ‡³,Natural,No
Noel Kempff Mercado National Park,South America,Bolivia,ğŸ‡§ğŸ‡´,Natural,No
Nord-Pas de Calais Mining Basin,Europe,France,ğŸ‡«ğŸ‡·,Cultural,No
Notre-Dame Cathedral in Tournai,Europe,Belgium,ğŸ‡§ğŸ‡ª,Cultural,No
Nubian Monuments from Abu Simbel to Philae,Africa,Egypt,ğŸ‡ªğŸ‡¬,Cultural,No
Nyungwe National Park,Africa,Rwanda,ğŸ‡·ğŸ‡¼,Natural,No
Ogasawara Islands,Asia,Japan,ğŸ‡¯ğŸ‡µ,Natural,No
Okapi Wildlife Reserve,,DR Congo,ğŸ‡¨ğŸ‡©,Natural,Endangered
Okavango Delta,Africa,Botswana,ğŸ‡§ğŸ‡¼,Natural,No
Old Bridge Area of the Old City of Mostar,Europe,Bosnia and Herzegovina,ğŸ‡§ğŸ‡¦,Cultural,No
Old City of Acre,Asia,Israel,ğŸ‡®ğŸ‡±,Cultural,No
Old City of Berne,Europe,Switzerland,ğŸ‡¨ğŸ‡­,Cultural,No
Old City of Dubrovnik,Europe,Croatia,ğŸ‡­ğŸ‡·,Cultural,No
Old City of Jerusalem and its Walls,,Jerusalem,,Cultural,Endangered
Old City of Salamanca,Europe,Spain,ğŸ‡ªğŸ‡¸,Cultural,No
Old City of Sana'a,Asia,Yemen,ğŸ‡¾ğŸ‡ª,Cultural,Endangered
Old City of ZamoÅ›Ä‡,Europe,Poland,ğŸ‡µğŸ‡±,Cultural,No
Old Havana and its Fortification System,North America,Cuba,ğŸ‡¨ğŸ‡º,Cultural,No
Old Rauma,Europe,Finland,ğŸ‡«ğŸ‡®,Cultural,No
Old Town Lunenburg,North America,Canada,ğŸ‡¨ğŸ‡¦,Cultural,No
Old Town of Corfu,Europe,Greece,ğŸ‡¬ğŸ‡·,Cultural,No
Old Town of CÃ¡ceres,Europe,Spain,ğŸ‡ªğŸ‡¸,Cultural,No
Old Town of Galle and its Fortifications,Asia,Sri Lanka,ğŸ‡±ğŸ‡°,Cultural,No
Old Town of GhadamÃ¨s,Africa,Libya,ğŸ‡±ğŸ‡¾,Cultural,Endangered
Old Town of Lijiang,Asia,China,ğŸ‡¨ğŸ‡³,Cultural,No
Old Town of Segovia and its Aqueduct,Europe,Spain,ğŸ‡ªğŸ‡¸,Cultural,No
Old Town of Ãvila with its Extra-Muros Churches,Europe,Spain,ğŸ‡ªğŸ‡¸,Cultural,No
Old Towns of DjennÃ©,Africa,Mali,ğŸ‡²ğŸ‡±,Cultural,Endangered
Old Village of HollÃ³kÅ‘ and its Surroundings,Europe,Hungary,ğŸ‡­ğŸ‡º,Cultural,No
Old Walled City of Shibam,Asia,Yemen,ğŸ‡¾ğŸ‡ª,Cultural,Endangered
Old and New Towns of Edinburgh,Europe,United Kingdom,ğŸ‡¬ğŸ‡§,Cultural,No
Old town of KuldÄ«ga,Europe,Latvia,ğŸ‡±ğŸ‡»,Cultural,No
Old town of Regensburg with Stadtamhof,Europe,Germany,ğŸ‡©ğŸ‡ª,Cultural,No
Olympic National Park,North America,United States,ğŸ‡ºğŸ‡¸,Natural,No
Ombilin Coal Mining Heritage of Sawahlunto,Asia,Indonesia,ğŸ‡®ğŸ‡©,Cultural,No
Orkhon Valley Cultural Landscape,Asia,Mongolia,ğŸ‡²ğŸ‡³,Cultural,No
Osun-Osogbo Sacred Grove,Africa,Nigeria,ğŸ‡³ğŸ‡¬,Cultural,No
Ouadi Qadisha (the Holy Valley) and the Forest of the Cedars of God (Horsh Arz el-Rab),Asia,Lebanon,ğŸ‡±ğŸ‡§,Cultural,No
Paduaâ€™s fourteenth-century fresco cycles,Europe,Italy,ğŸ‡®ğŸ‡¹,Cultural,No
Painted Churches in the Troodos Region,Asia,Cyprus,ğŸ‡¨ğŸ‡¾,Cultural,No
Palace and Gardens of SchÃ¶nbrunn,Europe,Austria,ğŸ‡¦ğŸ‡¹,Cultural,No
Palace and Park of Fontainebleau,Europe,France,ğŸ‡«ğŸ‡·,Cultural,No
Palace and Park of Versailles,Europe,France,ğŸ‡«ğŸ‡·,Cultural,No
Palace of Westminster and Westminster Abbey including Saint Margaretâ€™s Church,Europe,United Kingdom,ğŸ‡¬ğŸ‡§,Cultural,No
Palaces and Parks of Potsdam and Berlin,Europe,Germany,ğŸ‡©ğŸ‡ª,Cultural,No
"Palau de la MÃºsica Catalana and Hospital de Sant Pau, Barcelona",Europe,Spain,ğŸ‡ªğŸ‡¸,Cultural,No
Paleochristian and Byzantine Monuments of Thessalonika,Europe,Greece,ğŸ‡¬ğŸ‡·,Cultural,No
"Palestine: Land of Olives and Vines â€“ Cultural Landscape of Southern Jerusalem, Battir",Asia,Palestine,ğŸ‡µğŸ‡¸,Cultural,Endangered
Palmeral of Elche,Europe,Spain,ğŸ‡ªğŸ‡¸,Cultural,No
Pampulha Modern Ensemble,South America,Brazil,ğŸ‡§ğŸ‡·,Cultural,No
Pantanal Conservation Area,South America,Brazil,ğŸ‡§ğŸ‡·,Natural,No
PapahÄnaumokuÄkea,North America,United States,ğŸ‡ºğŸ‡¸,Mixed,No
Paphos,Asia,Cyprus,ğŸ‡¨ğŸ‡¾,Cultural,No
Paraty and Ilha Grande â€“ Culture and Biodiversity,South America,Brazil,ğŸ‡§ğŸ‡·,Mixed,No
"Paris, Banks of the Seine",Europe,France,ğŸ‡«ğŸ‡·,Cultural,No
Parthian Fortresses of Nisa,Asia,Turkmenistan,ğŸ‡¹ğŸ‡²,Cultural,No
Pasargadae,Asia,Iran,ğŸ‡®ğŸ‡·,Cultural,No
"Paseo del Prado and Buen Retiro, a landscape of Arts and Sciences",Europe,Spain,ğŸ‡ªğŸ‡¸,Cultural,No
"Pearling, Testimony of an Island Economy",Asia,Bahrain,ğŸ‡§ğŸ‡­,Cultural,No
Peking Man Site at Zhoukoudian,Asia,China,ğŸ‡¨ğŸ‡³,Cultural,No
PenÃ­nsula ValdÃ©s,South America,Argentina,ğŸ‡¦ğŸ‡·,Natural,No
Pergamon and its Multi-Layered Cultural Landscape,Asia,Turkey,ğŸ‡¹ğŸ‡·,Cultural,No
Persepolis,Asia,Iran,ğŸ‡®ğŸ‡·,Cultural,No
Petra,Asia,Jordan,ğŸ‡¯ğŸ‡´,Cultural,No
Petroglyphic Complexes of the Mongolian Altai,Asia,Mongolia,ğŸ‡²ğŸ‡³,Cultural,No
Petroglyphs of Lake Onega and the White Sea,Europe,Russia,ğŸ‡·ğŸ‡º,Cultural,No
Petroglyphs of the Archaeological Landscape of Tanbaly,Asia,Kazakhstan,ğŸ‡°ğŸ‡¿,Cultural,No
PetÃ¤jÃ¤vesi Old Church,Europe,Finland,ğŸ‡«ğŸ‡®,Cultural,No
Phoenix Islands Protected Area,Oceania,Kiribati,ğŸ‡°ğŸ‡®,Natural,No
Phong Nha-Ke Bang National Park,Asia,Vietnam,ğŸ‡»ğŸ‡³,Natural,No
"Phu Phrabat, a testimony to the SÄ«ma stone tradition of the Dvaravati period",Asia,Thailand,ğŸ‡¹ğŸ‡­,Cultural,No
"Piazza del Duomo, Pisa",Europe,Italy,ğŸ‡®ğŸ‡¹,Cultural,No
Pilgrimage Church of St John of Nepomuk at ZelenÃ¡ Hora,Europe,Czechia,ğŸ‡¨ğŸ‡¿,Cultural,No
Pilgrimage Church of Wies,Europe,Germany,ğŸ‡©ğŸ‡ª,Cultural,No
Pimachiowin Aki,North America,Canada,ğŸ‡¨ğŸ‡¦,Mixed,No
Pirin National Park,Europe,Bulgaria,ğŸ‡§ğŸ‡¬,Natural,No
Pitons Management Area,North America,Saint Lucia,ğŸ‡±ğŸ‡¨,Natural,No
"Pitons, cirques and remparts of Reunion Island",Europe,France,ğŸ‡«ğŸ‡·,Natural,No
"Place Stanislas, Place de la CarriÃ¨re and Place d'Alliance in Nancy",Europe,France,ğŸ‡«ğŸ‡·,Cultural,No
Plantin-Moretus House-Workshops-Museum Complex,Europe,Belgium,ğŸ‡§ğŸ‡ª,Cultural,No
Plitvice Lakes National Park,Europe,Croatia,ğŸ‡­ğŸ‡·,Natural,No
Poblet Monastery,Europe,Spain,ğŸ‡ªğŸ‡¸,Cultural,No
Pont du Gard (Roman Aqueduct),Europe,France,ğŸ‡«ğŸ‡·,Cultural,No
Pontcysyllte Aqueduct and Canal,Europe,United Kingdom,ğŸ‡¬ğŸ‡§,Cultural,No
"Port, Fortresses and Group of Monuments, Cartagena",South America,Colombia,ğŸ‡¨ğŸ‡´,Cultural,No
"Portovenere, Cinque Terre, and the Islands (Palmaria, Tino and Tinetto)",Europe,Italy,ğŸ‡®ğŸ‡¹,Cultural,No
Portuguese City of Mazagan (El Jadida),Africa,Morocco,ğŸ‡²ğŸ‡¦,Cultural,No
Prambanan Temple Compounds,Asia,Indonesia,ğŸ‡®ğŸ‡©,Cultural,No
Pre-Hispanic City and National Park of Palenque,North America,Mexico,ğŸ‡²ğŸ‡½,Cultural,No
Pre-Hispanic City of Chichen-Itza,North America,Mexico,ğŸ‡²ğŸ‡½,Cultural,No
Pre-Hispanic City of Teotihuacan,North America,Mexico,ğŸ‡²ğŸ‡½,Cultural,No
Pre-Hispanic Town of Uxmal,North America,Mexico,ğŸ‡²ğŸ‡½,Cultural,No
Precolumbian Chiefdom Settlements with Stone Spheres of the DiquÃ­s,North America,Costa Rica,ğŸ‡¨ğŸ‡·,Cultural,No
Prehistoric Caves of Yagul and Mitla in the Central Valley of Oaxaca,North America,Mexico,ğŸ‡²ğŸ‡½,Cultural,No
Prehistoric Pile Dwellings around the Alps,Europe,"Austria, France, Germany, Italy, Slovenia, Switzerland","ğŸ‡¦ğŸ‡¹, ğŸ‡¨ğŸ‡­, ğŸ‡©ğŸ‡ª, ğŸ‡«ğŸ‡·, ğŸ‡®ğŸ‡¹, ğŸ‡¸ğŸ‡®",Cultural,No
Prehistoric Rock Art Sites in the CÃ´a Valley and Siega Verde,Europe,"Portugal, Spain","ğŸ‡ªğŸ‡¸, ğŸ‡µğŸ‡¹",Cultural,No
Prehistoric Sites and Decorated Caves of the VÃ©zÃ¨re Valley,Europe,France,ğŸ‡«ğŸ‡·,Cultural,No
Protective town of San Miguel and the Sanctuary of JesÃºs Nazareno de Atotonilco,North America,Mexico,ğŸ‡²ğŸ‡½,Cultural,No
Proto-urban Site of Sarazm,Asia,Tajikistan,ğŸ‡¹ğŸ‡¯,Cultural,No
"Provins, Town of Medieval Fairs",Europe,France,ğŸ‡«ğŸ‡·,Cultural,No
Puerto-Princesa Subterranean River National Park,Asia,Philippines,ğŸ‡µğŸ‡­,Natural,No
Punic Town of Kerkuane and its Necropolis,Africa,Tunisia,ğŸ‡¹ğŸ‡³,Cultural,No
Purnululu National Park,Oceania,Australia,ğŸ‡¦ğŸ‡º,Natural,No
Putorana Plateau,Europe,Russia,ğŸ‡·ğŸ‡º,Natural,No
PyrÃ©nÃ©es - Mont Perdu,Europe,"France, Spain","ğŸ‡ªğŸ‡¸, ğŸ‡«ğŸ‡·",Mixed,No
Pythagoreion and Heraion of Samos,Europe,Greece,ğŸ‡¬ğŸ‡·,Cultural,No
Pyu Ancient Cities,Asia,Myanmar,ğŸ‡²ğŸ‡²,Cultural,No
Qalâ€™at al-Bahrain â€“ Ancient Harbour and Capital of Dilmun,Asia,Bahrain,ğŸ‡§ğŸ‡­,Cultural,No
"Qhapaq Ã‘an, Andean Road System",South America,"Argentina, Bolivia, Chile, Colombia, Ecuador, Peru","ğŸ‡¦ğŸ‡·, ğŸ‡§ğŸ‡´, ğŸ‡¨ğŸ‡±, ğŸ‡¨ğŸ‡´, ğŸ‡ªğŸ‡¨, ğŸ‡µğŸ‡ª",Cultural,No
Qinghai Hoh Xil,Asia,China,ğŸ‡¨ğŸ‡³,Natural,No
Quanzhou: Emporium of the World in Song-Yuan China,Asia,China,ğŸ‡¨ğŸ‡³,Cultural,No
Quebrada de Humahuaca,South America,Argentina,ğŸ‡¦ğŸ‡·,Cultural,No
Quseir Amra,Asia,Jordan,ğŸ‡¯ğŸ‡´,Cultural,No
"Qutb Minar and its Monuments, Delhi",Asia,India,ğŸ‡®ğŸ‡³,Cultural,No
"Rabat, Modern Capital and Historic City: a Shared Heritage",Africa,Morocco,ğŸ‡²ğŸ‡¦,Cultural,No
Rachid Karami International Fair-Tripoli,Asia,Lebanon,ğŸ‡±ğŸ‡§,Cultural,Endangered
Rainforests of the Atsinanana,Africa,Madagascar,ğŸ‡²ğŸ‡¬,Natural,Endangered
Rangiri Dambulla Cave Temple,Asia,Sri Lanka,ğŸ‡±ğŸ‡°,Cultural,No
"Rani-ki-Vav (the Queenâ€™s Stepwell) at Patan, Gujarat",Asia,India,ğŸ‡®ğŸ‡³,Cultural,No
Rapa Nui National Park,South America,Chile,ğŸ‡¨ğŸ‡±,Cultural,No
Red Bay Basque Whaling Station,North America,Canada,ğŸ‡¨ğŸ‡¦,Cultural,No
Red Fort Complex,Asia,India,ğŸ‡®ğŸ‡³,Cultural,No
Redwood National and State Parks,North America,United States,ğŸ‡ºğŸ‡¸,Natural,No
Renaissance Monumental Ensembles of Ãšbeda and Baeza,Europe,Spain,ğŸ‡ªğŸ‡¸,Cultural,No
Residence of Bukovinian and Dalmatian Metropolitans,Europe,Ukraine,ğŸ‡ºğŸ‡¦,Cultural,No
Residences of the Royal House of Savoy,Europe,Italy,ğŸ‡®ğŸ‡¹,Cultural,No
Rhaetian Railway in the Albula / Bernina Landscapes,Europe,"Italy, Switzerland","ğŸ‡¨ğŸ‡­, ğŸ‡®ğŸ‡¹",Cultural,No
Rice Terraces of the Philippine Cordilleras,Asia,Philippines,ğŸ‡µğŸ‡­,Cultural,No
Richtersveld Cultural and Botanical Landscape,Africa,South Africa,ğŸ‡¿ğŸ‡¦,Cultural,No
Rideau Canal,North America,Canada,ğŸ‡¨ğŸ‡¦,Cultural,No
Rietveld SchrÃ¶derhuis (Rietveld SchrÃ¶der House),Europe,Netherlands,ğŸ‡³ğŸ‡±,Cultural,No
Rila Monastery,Europe,Bulgaria,ğŸ‡§ğŸ‡¬,Cultural,No
Rio de Janeiro: Carioca Landscapes between the Mountain and the Sea,South America,Brazil,ğŸ‡§ğŸ‡·,Cultural,No
Risco Caido and the Sacred Mountains of Gran Canaria Cultural Landscape,Europe,Spain,ğŸ‡ªğŸ‡¸,Cultural,No
Rjukan-Notodden Industrial Heritage Site,Europe,Norway,ğŸ‡³ğŸ‡´,Cultural,No
Robben Island,Africa,South Africa,ğŸ‡¿ğŸ‡¦,Cultural,No
Rock Art in the Hail Region of Saudi Arabia,Asia,Saudi Arabia,ğŸ‡¸ğŸ‡¦,Cultural,No
Rock Art of Alta,Europe,Norway,ğŸ‡³ğŸ‡´,Cultural,No
Rock Art of the Mediterranean Basin on the Iberian Peninsula,Europe,Spain,ğŸ‡ªğŸ‡¸,Cultural,No
Rock Carvings in Tanum,Europe,Sweden,ğŸ‡¸ğŸ‡ª,Cultural,No
Rock Drawings in Valcamonica,Europe,Italy,ğŸ‡®ğŸ‡¹,Cultural,No
Rock Islands Southern Lagoon,Oceania,Palau,ğŸ‡µğŸ‡¼,Mixed,No
Rock Paintings of the Sierra de San Francisco,North America,Mexico,ğŸ‡²ğŸ‡½,Cultural,No
Rock Shelters of Bhimbetka,Asia,India,ğŸ‡®ğŸ‡³,Cultural,No
Rock-Art Sites of Tadrart Acacus,Africa,Libya,ğŸ‡±ğŸ‡¾,Cultural,Endangered
Rock-Hewn Churches of Ivanovo,Europe,Bulgaria,ğŸ‡§ğŸ‡¬,Cultural,No
"Rock-Hewn Churches, Lalibela",Africa,Ethiopia,ğŸ‡ªğŸ‡¹,Cultural,No
Rohtas Fort,Asia,Pakistan,ğŸ‡µğŸ‡°,Cultural,No
"Roman Monuments, Cathedral of St Peter and Church of Our Lady in Trier",Europe,Germany,ğŸ‡©ğŸ‡ª,Cultural,No
"Roman Theatre and its Surroundings and the ""Triumphal Arch"" of Orange",Europe,France,ğŸ‡«ğŸ‡·,Cultural,No
Roman Walls of Lugo,Europe,Spain,ğŸ‡ªğŸ‡¸,Cultural,No
Roskilde Cathedral,Europe,Denmark,ğŸ‡©ğŸ‡°,Cultural,No
Routes of Santiago de Compostela in France,Europe,France,ğŸ‡«ğŸ‡·,Cultural,No
Routes of Santiago de Compostela:Camino FrancÃ©sand Routes of Northern Spain,Europe,Spain,ğŸ‡ªğŸ‡¸,Cultural,No
"Royal Botanic Gardens, Kew",Europe,United Kingdom,ğŸ‡¬ğŸ‡§,Cultural,No
"Royal Building ofMafraâ€“ Palace, Basilica, Convent,CercoGarden and Hunting Park (Tapada)",Europe,Portugal,ğŸ‡µğŸ‡¹,Cultural,No
Royal Court of TiÃ©bÃ©lÃ©,Africa,Burkina Faso,ğŸ‡§ğŸ‡«,Cultural,No
Royal Domain of Drottningholm,Europe,Sweden,ğŸ‡¸ğŸ‡ª,Cultural,No
Royal Exhibition Building and Carlton Gardens,Oceania,Australia,ğŸ‡¦ğŸ‡º,Cultural,No
Royal Hill of Ambohimanga,Africa,Madagascar,ğŸ‡²ğŸ‡¬,Cultural,No
Royal Monastery of Santa MarÃ­a de Guadalupe,Europe,Spain,ğŸ‡ªğŸ‡¸,Cultural,No
Royal Palaces of Abomey,Africa,Benin,ğŸ‡§ğŸ‡¯,Cultural,No
Royal Tombs of the Joseon Dynasty,Asia,South Korea,ğŸ‡°ğŸ‡·,Cultural,No
RoÈ™ia MontanÄƒ Mining Landscape,Europe,Romania,ğŸ‡·ğŸ‡´,Cultural,Endangered
Ruins of Kilwa Kisiwani and Ruins of Songo Mnara,Africa,Tanzania,ğŸ‡¹ğŸ‡¿,Cultural,No
Ruins of LeÃ³n Viejo,North America,Nicaragua,ğŸ‡³ğŸ‡®,Cultural,No
Ruins of LoropÃ©ni,Africa,Burkina Faso,ğŸ‡§ğŸ‡«,Cultural,No
Ruins of the Buddhist Vihara at Paharpur,Asia,Bangladesh,ğŸ‡§ğŸ‡©,Cultural,No
Rwenzori Mountains National Park,Africa,Uganda,ğŸ‡ºğŸ‡¬,Natural,No
RÃ­o Abiseo National Park,South America,Peru,ğŸ‡µğŸ‡ª,Mixed,No
RÃ­o PlÃ¡tano Biosphere Reserve,North America,Honduras,ğŸ‡­ğŸ‡³,Natural,Endangered
RÃ¸ros Mining Town and the Circumference,Europe,Norway,ğŸ‡³ğŸ‡´,Cultural,No
SGang Gwaay,North America,Canada,ğŸ‡¨ğŸ‡¦,Cultural,No
Sacred City of Anuradhapura,Asia,Sri Lanka,ğŸ‡±ğŸ‡°,Cultural,No
Sacred City of Caral-Supe,South America,Peru,ğŸ‡µğŸ‡ª,Cultural,No
Sacred City of Kandy,Asia,Sri Lanka,ğŸ‡±ğŸ‡°,Cultural,No
Sacred Ensembles of the Hoysalas,Asia,India,ğŸ‡®ğŸ‡³,Cultural,No
Sacred Island of Okinoshima and Associated Sites in the Munakata Region,Asia,Japan,ğŸ‡¯ğŸ‡µ,Cultural,No
Sacred Mijikenda Kaya Forests,Africa,Kenya,ğŸ‡°ğŸ‡ª,Cultural,No
Sacred Sites and Pilgrimage Routes in the Kii Mountain Range,Asia,Japan,ğŸ‡¯ğŸ‡µ,Cultural,No
Sacri Montiof Piedmont and Lombardy,Europe,Italy,ğŸ‡®ğŸ‡¹,Cultural,No
Sado Island Gold Mines,Asia,Japan,ğŸ‡¯ğŸ‡µ,Cultural,No
Sagarmatha National Park,Asia,Nepal,ğŸ‡³ğŸ‡µ,Natural,No
Saint Catherine Area,Africa,Egypt,ğŸ‡ªğŸ‡¬,Cultural,No
Saint Hilarion Monastery/ Tell Umm Amer,Asia,Palestine,ğŸ‡µğŸ‡¸,Cultural,Endangered
Salonga National Park,,DR Congo,ğŸ‡¨ğŸ‡©,Natural,No
Saloum Delta,Africa,Senegal,ğŸ‡¸ğŸ‡³,Cultural,No
Saltaire,Europe,United Kingdom,ğŸ‡¬ğŸ‡§,Cultural,No
Samarkand â€“ Crossroad of Cultures,Asia,Uzbekistan,ğŸ‡ºğŸ‡¿,Cultural,No
Samarra Archaeological City,Asia,Iraq,ğŸ‡®ğŸ‡¶,Cultural,Endangered
San AgustÃ­n Archaeological Park,South America,Colombia,ğŸ‡¨ğŸ‡´,Cultural,No
San Antonio Missions,North America,United States,ğŸ‡ºğŸ‡¸,Cultural,No
San CristÃ³bal de La Laguna,Europe,Spain,ğŸ‡ªğŸ‡¸,Cultural,No
San Marino Historic Centre and Mount Titano,Europe,San Marino,ğŸ‡¸ğŸ‡²,Cultural,No
San MillÃ¡n Yuso and Suso Monasteries,Europe,Spain,ğŸ‡ªğŸ‡¸,Cultural,No
"San Pedro de la Roca Castle, Santiago de Cuba",North America,Cuba,ğŸ‡¨ğŸ‡º,Cultural,No
Sanctuary of Asklepios at Epidaurus,Europe,Greece,ğŸ‡¬ğŸ‡·,Cultural,No
Sanctuary of Bom Jesus do Congonhas,South America,Brazil,ğŸ‡§ğŸ‡·,Cultural,No
Sanctuary of Bom Jesus do Monte in Braga,Europe,Portugal,ğŸ‡µğŸ‡¹,Cultural,No
Sanganeb Marine National Park and Dungonab Bay â€“ Mukkawar Island Marine National Park,Africa,Sudan,ğŸ‡¸ğŸ‡©,Natural,No
Sangay National Park,South America,Ecuador,ğŸ‡ªğŸ‡¨,Natural,No
Sangha Trinational,Africa,"Cameroon, Central African Republic, Republic of the Congo","ğŸ‡¨ğŸ‡«, ğŸ‡¨ğŸ‡¬, ğŸ‡¨ğŸ‡²",Natural,No
Sangiran Early Man Site,Asia,Indonesia,ğŸ‡®ğŸ‡©,Cultural,No
"Sansa, Buddhist Mountain Monasteries in Korea",Asia,South Korea,ğŸ‡°ğŸ‡·,Cultural,No
Santiago de Compostela (Old Town),Europe,Spain,ğŸ‡ªğŸ‡¸,Cultural,No
Santiniketan,Asia,India,ğŸ‡®ğŸ‡³,Cultural,No
Saryarka â€“ Steppe and Lakes of Northern Kazakhstan,Asia,Kazakhstan,ğŸ‡°ğŸ‡¿,Natural,No
Sassanid Archaeological Landscape of Fars Region,Asia,Iran,ğŸ‡®ğŸ‡·,Cultural,No
Sceilg MhichÃ­l,Europe,Ireland,ğŸ‡®ğŸ‡ª,Cultural,No
Schokland and Surroundings,Europe,Netherlands,ğŸ‡³ğŸ‡±,Cultural,No
Schwerin Residence Ensemble,Europe,Germany,ğŸ‡©ğŸ‡ª,Cultural,No
Selimiye Mosque and its Social Complex,Asia,Turkey,ğŸ‡¹ğŸ‡·,Cultural,No
Selous Game Reserve,Africa,Tanzania,ğŸ‡¹ğŸ‡¿,Natural,Endangered
Semmering Railway,Europe,Austria,ğŸ‡¦ğŸ‡¹,Cultural,No
Seokguram Grotto and Bulguksa Temple,Asia,South Korea,ğŸ‡°ğŸ‡·,Cultural,No
"Seowon, Korean Neo-Confucian Academies",Asia,South Korea,ğŸ‡°ğŸ‡·,Cultural,No
Serengeti National Park,Africa,Tanzania,ğŸ‡¹ğŸ‡¿,Natural,No
Serra da Capivara National Park,South America,Brazil,ğŸ‡§ğŸ‡·,Cultural,No
Settlement and Artificial Mummification of the Chinchorro Culture in the Arica and Parinacota Region,South America,Chile,ğŸ‡¨ğŸ‡±,Cultural,No
Seventeenth-Century Canal Ring Area of Amsterdam inside the Singelgracht,Europe,Netherlands,ğŸ‡³ğŸ‡±,Cultural,No
Sewell Mining Town,South America,Chile,ğŸ‡¨ğŸ‡±,Cultural,No
"ShUM Sites of Speyer, Worms and Mainz",Europe,Germany,ğŸ‡©ğŸ‡ª,Cultural,No
Shahr-i Sokhta,Asia,Iran,ğŸ‡®ğŸ‡·,Cultural,No
"Shark Bay, Western Australia",Oceania,Australia,ğŸ‡¦ğŸ‡º,Natural,No
Sheikh Safi al-din KhÄnegÄh and Shrine Ensemble in Ardabil,Asia,Iran,ğŸ‡®ğŸ‡·,Cultural,No
Shirakami-Sanchi,Asia,Japan,ğŸ‡¯ğŸ‡µ,Natural,No
Shiretoko,Asia,Japan,ğŸ‡¯ğŸ‡µ,Natural,No
Shrines and Temples of Nikko,Asia,Japan,ğŸ‡¯ğŸ‡µ,Cultural,No
Shushtar Historical Hydraulic System,Asia,Iran,ğŸ‡®ğŸ‡·,Cultural,No
Sian Ka'an,North America,Mexico,ğŸ‡²ğŸ‡½,Natural,No
"Sichuan Giant Panda Sanctuaries - Wolong, Mt Siguniang and Jiajin Mountains",Asia,China,ğŸ‡¨ğŸ‡³,Natural,No
Silk Roads: Zarafshan-Karakum Corridor,Asia,"Tajikistan, Turkmenistan, Uzbekistan","ğŸ‡¹ğŸ‡¯, ğŸ‡¹ğŸ‡², ğŸ‡ºğŸ‡¿",Cultural,No
Silk Roads: the Routes Network of Chang'an-Tianshan Corridor,Asia,"China, Kazakhstan, Kyrgyzstan","ğŸ‡¨ğŸ‡³, ğŸ‡°ğŸ‡¬, ğŸ‡°ğŸ‡¿",Cultural,No
Simien National Park,Africa,Ethiopia,ğŸ‡ªğŸ‡¹,Natural,No
Singapore Botanic Gardens,Asia,Singapore,ğŸ‡¸ğŸ‡¬,Cultural,No
Sinharaja Forest Reserve,Asia,Sri Lanka,ğŸ‡±ğŸ‡°,Natural,No
Site of Palmyra,Asia,Syria,ğŸ‡¸ğŸ‡¾,Cultural,Endangered
Site of Xanadu,Asia,China,ğŸ‡¨ğŸ‡³,Cultural,No
Sites of Human Evolution at Mount Carmel: The Nahal Meâ€™arot / Wadi el-Mughara Caves,Asia,Israel,ğŸ‡®ğŸ‡±,Cultural,No
"Sites of Japanâ€™s Meiji Industrial Revolution: Iron and Steel, Shipbuilding and Coal Mining",Asia,Japan,ğŸ‡¯ğŸ‡µ,Cultural,No
SkogskyrkogÃ¥rden,Europe,Sweden,ğŸ‡¸ğŸ‡ª,Cultural,No
Socotra Archipelago,Asia,Yemen,ğŸ‡¾ğŸ‡ª,Natural,No
Soltaniyeh,Asia,Iran,ğŸ‡®ğŸ‡·,Cultural,No
South China Karst,Asia,China,ğŸ‡¨ğŸ‡³,Natural,No
Speicherstadt and Kontorhaus District with Chilehaus,Europe,Germany,ğŸ‡©ğŸ‡ª,Cultural,No
Speyer Cathedral,Europe,Germany,ğŸ‡©ğŸ‡ª,Cultural,No
Srebarna Nature Reserve,Europe,Bulgaria,ğŸ‡§ğŸ‡¬,Natural,No
St Kilda,Europe,United Kingdom,ğŸ‡¬ğŸ‡§,Mixed,No
St Mary's Cathedral and St Michael's Church at Hildesheim,Europe,Germany,ğŸ‡©ğŸ‡ª,Cultural,No
Stari Grad Plain,Europe,Croatia,ğŸ‡­ğŸ‡·,Cultural,No
Stari Ras and SopoÄ‡ani,Europe,Serbia,ğŸ‡·ğŸ‡¸,Cultural,No
State Historical and Cultural Park â€œAncient Mervâ€,Asia,Turkmenistan,ğŸ‡¹ğŸ‡²,Cultural,No
Statue of Liberty,North America,United States,ğŸ‡ºğŸ‡¸,Cultural,No
Stevns Klint,Europe,Denmark,ğŸ‡©ğŸ‡°,Natural,No
SteÄ‡ci Medieval Tombstone Graveyards,Europe,"Bosnia and Herzegovina, Croatia, Montenegro, Serbia","ğŸ‡§ğŸ‡¦, ğŸ‡­ğŸ‡·, ğŸ‡²ğŸ‡ª, ğŸ‡·ğŸ‡¸",Cultural,No
Stoclet House,Europe,Belgium,ğŸ‡§ğŸ‡ª,Cultural,No
Stone Circles of Senegambia,Africa,"Gambia, Senegal","ğŸ‡¬ğŸ‡², ğŸ‡¸ğŸ‡³",Cultural,No
Stone Town of Zanzibar,Africa,Tanzania,ğŸ‡¹ğŸ‡¿,Cultural,No
"Stonehenge, Avebury and Associated Sites",Europe,United Kingdom,ğŸ‡¬ğŸ‡§,Cultural,No
"Strasbourg, Grande-Ãle andNeustadt",Europe,France,ğŸ‡«ğŸ‡·,Cultural,No
Struve Geodetic Arc,Europe,"Belarus, Estonia, Finland, Latvia, Lithuania, Moldova, Norway, Russia, Sweden, Ukraine","ğŸ‡§ğŸ‡¾, ğŸ‡ªğŸ‡ª, ğŸ‡«ğŸ‡®, ğŸ‡±ğŸ‡¹, ğŸ‡±ğŸ‡», ğŸ‡²ğŸ‡©, ğŸ‡³ğŸ‡´, ğŸ‡·ğŸ‡º, ğŸ‡¸ğŸ‡ª, ğŸ‡ºğŸ‡¦",Cultural,No
Studenica Monastery,Europe,Serbia,ğŸ‡·ğŸ‡¸,Cultural,No
Studley Royal Park including the Ruins of Fountains Abbey,Europe,United Kingdom,ğŸ‡¬ğŸ‡§,Cultural,No
Su Nuraxi di Barumini,Europe,Italy,ğŸ‡®ğŸ‡¹,Cultural,No
Sudanese style mosques in northern CÃ´te dâ€™Ivoire,Africa,Ivory Coast,,Cultural,No
Sukur Cultural Landscape,Africa,Nigeria,ğŸ‡³ğŸ‡¬,Cultural,No
Sulaiman-Too Sacred Mountain,Asia,Kyrgyzstan,ğŸ‡°ğŸ‡¬,Cultural,No
"Summer Palace, an Imperial Garden in Beijing",Asia,China,ğŸ‡¨ğŸ‡³,Cultural,No
"Sun Temple, KonÃ¢rak",Asia,India,ğŸ‡®ğŸ‡³,Cultural,No
Sundarbans National Park,Asia,India,ğŸ‡®ğŸ‡³,Natural,No
Surtsey,Europe,Iceland,ğŸ‡®ğŸ‡¸,Natural,No
Susa,Asia,Iran,ğŸ‡®ğŸ‡·,Cultural,No
Swiss Alps Jungfrau-Aletsch,Europe,Switzerland,ğŸ‡¨ğŸ‡­,Natural,No
Swiss Tectonic Arena Sardona,Europe,Switzerland,ğŸ‡¨ğŸ‡­,Natural,No
Sydney Opera House,Oceania,Australia,ğŸ‡¦ğŸ‡º,Cultural,No
Syracuse and the Rocky Necropolis of Pantalica,Europe,Italy,ğŸ‡®ğŸ‡¹,Cultural,No
SÃ£o Francisco Square in the Town of SÃ£o CristÃ³vÃ£o,South America,Brazil,ğŸ‡§ğŸ‡·,Cultural,No
SÃ­tio Roberto Burle Marx,South America,Brazil,ğŸ‡§ğŸ‡·,Cultural,No
Tabriz Historic Bazaar Complex,Asia,Iran,ğŸ‡®ğŸ‡·,Cultural,No
Taj Mahal,Asia,India,ğŸ‡®ğŸ‡³,Cultural,No
Tajik National Park (Mountains of the Pamirs),Asia,Tajikistan,ğŸ‡¹ğŸ‡¯,Natural,No
Takht-e Soleyman,Asia,Iran,ğŸ‡®ğŸ‡·,Cultural,No
Talamanca Range-La Amistad Reserves / La Amistad National Park,North America,"Costa Rica, Panama","ğŸ‡¨ğŸ‡·, ğŸ‡µğŸ‡¦",Natural,No
Talayotic Menorca,Europe,Spain,ğŸ‡ªğŸ‡¸,Cultural,No
Taos Pueblo,North America,United States,ğŸ‡ºğŸ‡¸,Cultural,No
TaputapuÄtea,Europe,France,ğŸ‡«ğŸ‡·,Cultural,No
Tarnowskie GÃ³ry Lead-Silver-Zinc Mine and its Underground Water Management System,Europe,Poland,ğŸ‡µğŸ‡±,Cultural,No
Tasmanian Wilderness,Oceania,Australia,ğŸ‡¦ğŸ‡º,Mixed,No
Tassili n'Ajjer,Africa,Algeria,ğŸ‡©ğŸ‡¿,Mixed,No
Taxila,Asia,Pakistan,ğŸ‡µğŸ‡°,Cultural,No
TaÃ¯ National Park,Africa,Ivory Coast,,Natural,No
Tchogha Zanbil,Asia,Iran,ğŸ‡®ğŸ‡·,Cultural,No
Te Henua Enata â€“ The Marquesas Islands,Europe,France,ğŸ‡«ğŸ‡·,Mixed,No
Te Wahipounamu â€“ South West New Zealand,Oceania,New Zealand,ğŸ‡³ğŸ‡¿,Natural,No
TehuacÃ¡n-CuicatlÃ¡n Valley: originary habitat of Mesoamerica,North America,Mexico,ğŸ‡²ğŸ‡½,Mixed,No
Teide National Park,Europe,Spain,ğŸ‡ªğŸ‡¸,Natural,No
"Temple Zone of Sambor Prei Kuk, Archaeological Site of Ancient Ishanapura",Asia,Cambodia,ğŸ‡°ğŸ‡­,Cultural,No
Temple and Cemetery of Confucius and the Kong Family Mansion in Qufu,Asia,China,ğŸ‡¨ğŸ‡³,Cultural,No
Temple of Apollo Epicurius at Bassae,Europe,Greece,ğŸ‡¬ğŸ‡·,Cultural,No
Temple of Heaven: an Imperial Sacrificial Altar in Beijing,Asia,China,ğŸ‡¨ğŸ‡³,Cultural,No
Temple of Preah Vihear,Asia,Cambodia,ğŸ‡°ğŸ‡­,Cultural,No
The 20th-Century Architecture of Frank Lloyd Wright,North America,United States,ğŸ‡ºğŸ‡¸,Cultural,No
The Ahwar of Southern Iraq: Refuge of Biodiversity and the Relict Landscape of the Mesopotamian Cities,Asia,Iraq,ğŸ‡®ğŸ‡¶,Mixed,No
The Ancient Town of Si Thep and its Associated Dvaravati Monuments,Asia,Thailand,ğŸ‡¹ğŸ‡­,Cultural,No
The Archaeological Heritage of Niah National Parkâ€™s Caves Complex,Asia,Malaysia,ğŸ‡²ğŸ‡¾,Cultural,No
"The Architectural Work of Le Corbusier, an Outstanding Contribution to the Modern Movement","Asia, Europe, South America","Argentina, Belgium, France, Germany, India, Japan, Switzerland","ğŸ‡¦ğŸ‡·, ğŸ‡§ğŸ‡ª, ğŸ‡¨ğŸ‡­, ğŸ‡©ğŸ‡ª, ğŸ‡«ğŸ‡·, ğŸ‡®ğŸ‡³, ğŸ‡¯ğŸ‡µ",Cultural,No
The Cathedral of St James in Å ibenik,Europe,Croatia,ğŸ‡­ğŸ‡·,Cultural,No
"The Causses and the CÃ©vennes, Mediterranean agro-pastoral Cultural Landscape",Europe,France,ğŸ‡«ğŸ‡·,Cultural,No
"The Climats, terroirs of Burgundy",Europe,France,ğŸ‡«ğŸ‡·,Cultural,No
The Cosmological Axis of Yogyakarta and its Historic Landmarks,Asia,Indonesia,ğŸ‡®ğŸ‡©,Cultural,No
The Cultural Landscape of Al-Faw Archaeological Area,Asia,Saudi Arabia,ğŸ‡¸ğŸ‡¦,Cultural,No
The Dolomites,Europe,Italy,ğŸ‡®ğŸ‡¹,Natural,No
The Emergence of Modern Human Behaviour: The Pleistocene Occupation Sites of South Africa,Africa,South Africa,ğŸ‡¿ğŸ‡¦,Cultural,No
The English Lake District,Europe,United Kingdom,ğŸ‡¬ğŸ‡§,Cultural,No
The Flow Country,Europe,United Kingdom,ğŸ‡¬ğŸ‡§,Natural,No
The Forth Bridge,Europe,United Kingdom,ğŸ‡¬ğŸ‡§,Cultural,No
"The Four Lifts on the Canal du Centre and their Environs, La LouviÃ¨re and Le Roeulx (Hainaut)",Europe,Belgium,ğŸ‡§ğŸ‡ª,Cultural,No
The Gedeo Cultural Landscape,Africa,Ethiopia,ğŸ‡ªğŸ‡¹,Cultural,No
The Grand Canal,Asia,China,ğŸ‡¨ğŸ‡³,Cultural,No
The Great Spa Towns of Europe,Europe,"Austria, Belgium, Czechia, France, Germany, Italy, United Kingdom","ğŸ‡¦ğŸ‡¹, ğŸ‡§ğŸ‡ª, ğŸ‡¨ğŸ‡¿, ğŸ‡©ğŸ‡ª, ğŸ‡«ğŸ‡·, ğŸ‡¬ğŸ‡§, ğŸ‡®ğŸ‡¹",Cultural,No
The Great Wall,Asia,China,ğŸ‡¨ğŸ‡³,Cultural,No
The Historic Centre (ChorÃ¡) with the Monastery of Saint-John the Theologian and the Cave of the Apocalypse on the Island of PÃ¡tmos,Europe,Greece,ğŸ‡¬ğŸ‡·,Cultural,No
The Historic Centre of Odesa,Europe,Ukraine,ğŸ‡ºğŸ‡¦,Cultural,Endangered
The Historic Town and Archaeological Site of Gedi,Africa,Kenya,ğŸ‡°ğŸ‡ª,Cultural,No
"The Jantar Mantar, Jaipur",Asia,India,ğŸ‡®ğŸ‡³,Cultural,No
The Loire Valley between Sully-sur-Loire and Chalonnes,Europe,France,ğŸ‡«ğŸ‡·,Cultural,No
The Maison CarrÃ©e of NÃ®mes,Europe,France,ğŸ‡«ğŸ‡·,Cultural,No
The Persian Caravanserai,Asia,Iran,ğŸ‡®ğŸ‡·,Cultural,No
The Persian Garden,Asia,Iran,ğŸ‡®ğŸ‡·,Cultural,No
The Persian Qanat,Asia,Iran,ğŸ‡®ğŸ‡·,Cultural,No
The Porticoes of Bologna,Europe,Italy,ğŸ‡®ğŸ‡¹,Cultural,No
The Sassi and the Park of the Rupestrian Churches of Matera,Europe,Italy,ğŸ‡®ğŸ‡¹,Cultural,No
The Slate Landscape of Northwest Wales,Europe,United Kingdom,ğŸ‡¬ğŸ‡§,Cultural,No
The Sundarbans,Asia,Bangladesh,ğŸ‡§ğŸ‡©,Natural,No
The par force hunting landscape in North Zealand,Europe,Denmark,ğŸ‡©ğŸ‡°,Cultural,No
The work of engineer Eladio Dieste: Church of AtlÃ¡ntida,South America,Uruguay,ğŸ‡ºğŸ‡¾,Cultural,No
The works of JoÅ¾e PleÄnik in Ljubljana â€“ Human Centred Urban Design,Europe,Slovenia,ğŸ‡¸ğŸ‡®,Cultural,No
TheTrulliof Alberobello,Europe,Italy,ğŸ‡®ğŸ‡¹,Cultural,No
Thimlich Ohinga Archaeological Site,Africa,Kenya,ğŸ‡°ğŸ‡ª,Cultural,No
Thracian Tomb of Kazanlak,Europe,Bulgaria,ğŸ‡§ğŸ‡¬,Cultural,No
Thracian Tomb of Sveshtari,Europe,Bulgaria,ğŸ‡§ğŸ‡¬,Cultural,No
"Three Castles, Defensive Wall and Ramparts of the Market-Town of Bellinzona",Europe,Switzerland,ğŸ‡¨ğŸ‡­,Cultural,No
Three Parallel Rivers of Yunnan Protected Areas,Asia,China,ğŸ‡¨ğŸ‡³,Natural,No
Thungyai-Huai Kha Khaeng Wildlife Sanctuaries,Asia,Thailand,ğŸ‡¹ğŸ‡­,Natural,No
Tikal National Park,North America,Guatemala,ğŸ‡¬ğŸ‡¹,Mixed,No
Timbuktu,Africa,Mali,ğŸ‡²ğŸ‡±,Cultural,Endangered
Timgad,Africa,Algeria,ğŸ‡©ğŸ‡¿,Cultural,No
Tipasa,Africa,Algeria,ğŸ‡©ğŸ‡¿,Cultural,No
Tiwanaku: Spiritual and Political Centre of the Tiwanaku Culture,South America,Bolivia,ğŸ‡§ğŸ‡´,Cultural,No
Tiya,Africa,Ethiopia,ğŸ‡ªğŸ‡¹,Cultural,No
Tokaj Wine Region Historic Cultural Landscape,Europe,Hungary,ğŸ‡­ğŸ‡º,Cultural,No
Tomb of Askia,Africa,Mali,ğŸ‡²ğŸ‡±,Cultural,Endangered
Tombs of Buganda Kings at Kasubi,Africa,Uganda,ğŸ‡ºğŸ‡¬,Cultural,No
Tomioka Silk Mill and Related Sites,Asia,Japan,ğŸ‡¯ğŸ‡µ,Cultural,No
Tongariro National Park,Oceania,New Zealand,ğŸ‡³ğŸ‡¿,Mixed,No
Tower of Hercules,Europe,Spain,ğŸ‡ªğŸ‡¸,Cultural,No
Tower of London,Europe,United Kingdom,ğŸ‡¬ğŸ‡§,Cultural,No
Town Hall and Roland on the Marketplace of Bremen,Europe,Germany,ğŸ‡©ğŸ‡ª,Cultural,No
Town of Bamberg,Europe,Germany,ğŸ‡©ğŸ‡ª,Cultural,No
Town of Luang Prabang,Asia,Laos,ğŸ‡±ğŸ‡¦,Cultural,No
Trang An Landscape Complex,Asia,Vietnam,ğŸ‡»ğŸ‡³,Mixed,No
Trans-Iranian Railway,Asia,Iran,ğŸ‡®ğŸ‡·,Cultural,No
Trinidad and the Valley de los Ingenios,North America,Cuba,ğŸ‡¨ğŸ‡º,Cultural,No
Tropical Rainforest Heritage of Sumatra,Asia,Indonesia,ğŸ‡®ğŸ‡©,Natural,Endangered
Trâ€™ondÃ«k-Klondike,North America,Canada,ğŸ‡¨ğŸ‡¦,Cultural,No
Tsodilo,Africa,Botswana,ğŸ‡§ğŸ‡¼,Cultural,No
Tubbataha Reefs Natural Park,Asia,Philippines,ğŸ‡µğŸ‡­,Natural,No
Tugay forests of the Tigrovaya Balka Nature Reserve,Asia,Tajikistan,ğŸ‡¹ğŸ‡¯,Natural,No
Tugendhat Villa in Brno,Europe,Czechia,ğŸ‡¨ğŸ‡¿,Cultural,No
Tusi Sites,Asia,China,ğŸ‡¨ğŸ‡³,Cultural,No
Twyfelfontein or /Ui-//aes,Africa,Namibia,ğŸ‡³ğŸ‡¦,Cultural,No
Tyre,Asia,Lebanon,ğŸ‡±ğŸ‡§,Cultural,No
Ujung Kulon National Park,Asia,Indonesia,ğŸ‡®ğŸ‡©,Natural,No
Uluru-Kata Tjuta National Park,Oceania,Australia,ğŸ‡¦ğŸ‡º,Mixed,No
Um er-Rasas (Kastrom Mefa'a),Asia,Jordan,ğŸ‡¯ğŸ‡´,Cultural,No
Umm Al-JimÄl,Asia,Jordan,ğŸ‡¯ğŸ‡´,Cultural,No
University and Historic Precinct of AlcalÃ¡ de Henares,Europe,Spain,ğŸ‡ªğŸ‡¸,Cultural,No
University of Coimbra â€“ Alta and Sofia,Europe,Portugal,ğŸ‡µğŸ‡¹,Cultural,No
Upper Middle Rhine Valley,Europe,Germany,ğŸ‡©ğŸ‡ª,Cultural,No
Upper Svaneti,Asia,Georgia,ğŸ‡¬ğŸ‡ª,Cultural,No
Urban Historic Centre of Cienfuegos,North America,Cuba,ğŸ‡¨ğŸ‡º,Cultural,No
Urnes Stave Church,Europe,Norway,ğŸ‡³ğŸ‡´,Cultural,No
Uvs Nuur Basin,"Asia, Europe","Mongolia, Russia","ğŸ‡²ğŸ‡³, ğŸ‡·ğŸ‡º",Natural,No
Val d'Orcia,Europe,Italy,ğŸ‡®ğŸ‡¹,Cultural,No
VallÃ©e de Mai Nature Reserve,Africa,Seychelles,ğŸ‡¸ğŸ‡¨,Natural,No
Valongo Wharf Archaeological Site,South America,Brazil,ğŸ‡§ğŸ‡·,Cultural,No
Van Nellefabriek,Europe,Netherlands,ğŸ‡³ğŸ‡±,Cultural,No
Vat Phou and Associated Ancient Settlements within the Champasak Cultural Landscape,Asia,Laos,ğŸ‡±ğŸ‡¦,Cultural,No
Vatican City,,Vatican City (Holy See),ğŸ‡»ğŸ‡¦,Cultural,No
VatnajÃ¶kull National Park - Dynamic Nature of Fire and Ice,Europe,Iceland,ğŸ‡®ğŸ‡¸,Natural,No
VegaÃ¸yan â€“ The Vega Archipelago,Europe,Norway,ğŸ‡³ğŸ‡´,Cultural,No
Venetian Works of Defence between the 16th and 17th Centuries:Stato da Terraâ€“ WesternStato da Mar,Europe,"Croatia, Italy, Montenegro","ğŸ‡­ğŸ‡·, ğŸ‡®ğŸ‡¹, ğŸ‡²ğŸ‡ª",Cultural,No
Venice and its Lagoon,Europe,Italy,ğŸ‡®ğŸ‡¹,Cultural,No
Verla Groundwood and Board Mill,Europe,Finland,ğŸ‡«ğŸ‡®,Cultural,No
Via Appia.Regina Viarum,Europe,Italy,ğŸ‡®ğŸ‡¹,Cultural,No
Victorian Gothic and Art Deco Ensembles of Mumbai,Asia,India,ğŸ‡®ğŸ‡³,Cultural,No
Viking-Age Ring Fortresses,Europe,Denmark,ğŸ‡©ğŸ‡°,Cultural,No
Villa Adriana (Tivoli),Europe,Italy,ğŸ‡®ğŸ‡¹,Cultural,No
Villa Romana del Casale,Europe,Italy,ğŸ‡®ğŸ‡¹,Cultural,No
"Villa d'Este, Tivoli",Europe,Italy,ğŸ‡®ğŸ‡¹,Cultural,No
Villages with Fortified Churches in Transylvania,Europe,Romania,ğŸ‡·ğŸ‡´,Cultural,No
Vilnius Historic Centre,Europe,Lithuania,ğŸ‡±ğŸ‡¹,Cultural,No
Vineyard Landscape of Piedmont: Langhe-Roero and Monferrato,Europe,Italy,ğŸ‡®ğŸ‡¹,Cultural,No
Virgin Komi Forests,Europe,Russia,ğŸ‡·ğŸ‡º,Natural,No
Virunga National Park,,DR Congo,ğŸ‡¨ğŸ‡©,Natural,Endangered
Vizcaya Bridge,Europe,Spain,ğŸ‡ªğŸ‡¸,Cultural,No
ViÃ±ales Valley,North America,Cuba,ğŸ‡¨ğŸ‡º,Cultural,No
"Vjetrenica Cave, Ravno",Europe,Bosnia and Herzegovina,ğŸ‡§ğŸ‡¦,Natural,No
VlkolÃ­nec,Europe,Slovakia,ğŸ‡¸ğŸ‡°,Cultural,No
Volcanoes and Forests of Mount PelÃ©e and the Pitons of Northern Martinique,Europe,France,ğŸ‡«ğŸ‡·,Natural,No
Volcanoes of Kamchatka,Europe,Russia,ğŸ‡·ğŸ‡º,Natural,No
Vredefort Dome,Africa,South Africa,ğŸ‡¿ğŸ‡¦,Natural,No
"VÃ©zelay, Church and Hill",Europe,France,ğŸ‡«ğŸ‡·,Cultural,No
VÃ¶lklingen Ironworks,Europe,Germany,ğŸ‡©ğŸ‡ª,Cultural,No
W-Arly-Pendjari Complex,Africa,"Benin, Burkina Faso, Niger","ğŸ‡§ğŸ‡«, ğŸ‡§ğŸ‡¯, ğŸ‡³ğŸ‡ª",Natural,No
Wachau Cultural Landscape,Europe,Austria,ğŸ‡¦ğŸ‡¹,Cultural,No
Wadden Sea,Europe,"Denmark, Germany, Netherlands","ğŸ‡©ğŸ‡ª, ğŸ‡©ğŸ‡°, ğŸ‡³ğŸ‡±",Natural,No
Wadi Al-Hitan (Whale Valley),Africa,Egypt,ğŸ‡ªğŸ‡¬,Natural,No
Wadi Rum Protected Area,Asia,Jordan,ğŸ‡¯ğŸ‡´,Mixed,No
Walled City of Baku with the Shirvanshah's Palace and Maiden Tower,Asia,Azerbaijan,ğŸ‡¦ğŸ‡¿,Cultural,No
Wartburg Castle,Europe,Germany,ğŸ‡©ğŸ‡ª,Cultural,No
Water Management System of Augsburg,Europe,Germany,ğŸ‡©ğŸ‡ª,Cultural,No
Waterton Glacier International Peace Park,North America,"Canada, United States","ğŸ‡¨ğŸ‡¦, ğŸ‡ºğŸ‡¸",Natural,No
West Lake Cultural Landscape of Hangzhou,Asia,China,ğŸ‡¨ğŸ‡³,Cultural,No
West Norwegian Fjords â€“ Geirangerfjord and NÃ¦rÃ¸yfjord,Europe,Norway,ğŸ‡³ğŸ‡´,Natural,No
Western Caucasus,Europe,Russia,ğŸ‡·ğŸ‡º,Natural,No
Western Ghats,Asia,India,ğŸ‡®ğŸ‡³,Natural,No
Western Tien-Shan,Asia,"Kazakhstan, Kyrgyzstan, Uzbekistan","ğŸ‡°ğŸ‡¬, ğŸ‡°ğŸ‡¿, ğŸ‡ºğŸ‡¿",Natural,No
Wet Tropics of Queensland,Oceania,Australia,ğŸ‡¦ğŸ‡º,Natural,No
Whale Sanctuary of El Vizcaino,North America,Mexico,ğŸ‡²ğŸ‡½,Natural,No
White City of Tel-Aviv â€“ the Modern Movement,Asia,Israel,ğŸ‡®ğŸ‡±,Cultural,No
White Monuments of Vladimir and Suzdal,Europe,Russia,ğŸ‡·ğŸ‡º,Cultural,No
Wieliczka and Bochnia Royal Salt Mines,Europe,Poland,ğŸ‡µğŸ‡±,Cultural,No
Willandra Lakes Region,Oceania,Australia,ğŸ‡¦ğŸ‡º,Mixed,No
Wood Buffalo National Park,North America,Canada,ğŸ‡¨ğŸ‡¦,Natural,No
Wooden Churches of MaramureÅŸ,Europe,Romania,ğŸ‡·ğŸ‡´,Cultural,No
Wooden Churches of Southern MaÅ‚opolska,Europe,Poland,ğŸ‡µğŸ‡±,Cultural,No
Wooden Churches of the Slovak part of the Carpathian Mountain Area,Europe,Slovakia,ğŸ‡¸ğŸ‡°,Cultural,No
Wooden Hypostyle Mosques of Medieval Anatolia,Asia,Turkey,ğŸ‡¹ğŸ‡·,Cultural,No
WoodenTserkvasof the Carpathian Region in Poland and Ukraine,Europe,"Poland, Ukraine","ğŸ‡µğŸ‡±, ğŸ‡ºğŸ‡¦",Cultural,No
Works of Antoni GaudÃ­,Europe,Spain,ğŸ‡ªğŸ‡¸,Cultural,No
Writing-on-Stone / ÃÃ­sÃ­naiâ€™pi,North America,Canada,ğŸ‡¨ğŸ‡¦,Cultural,No
Wulingyuan Scenic and Historic Interest Area,Asia,China,ğŸ‡¨ğŸ‡³,Natural,No
WÃ¼rzburg Residence with the Court Gardens and Residence Square,Europe,Germany,ğŸ‡©ğŸ‡ª,Cultural,No
Xanthos-Letoon,Asia,Turkey,ğŸ‡¹ğŸ‡·,Cultural,No
Xinjiang Tianshan,Asia,China,ğŸ‡¨ğŸ‡³,Natural,No
Yakushima,Asia,Japan,ğŸ‡¯ğŸ‡µ,Natural,No
Yellowstone National Park,North America,United States,ğŸ‡ºğŸ‡¸,Natural,No
Yin Xu,Asia,China,ğŸ‡¨ğŸ‡³,Cultural,No
Yosemite National Park,North America,United States,ğŸ‡ºğŸ‡¸,Natural,No
Yungang Grottoes,Asia,China,ğŸ‡¨ğŸ‡³,Cultural,No
Zagori Cultural Landscape,Europe,Greece,ğŸ‡¬ğŸ‡·,Cultural,No
Zollverein Coal Mine Industrial Complex in Essen,Europe,Germany,ğŸ‡©ğŸ‡ª,Cultural,No
Zuojiang Huashan Rock Art Cultural Landscape,Asia,China,ğŸ‡¨ğŸ‡³,Cultural,No
iSimangaliso Wetland Park,Africa,South Africa,ğŸ‡¿ğŸ‡¦,Natural,No
Ãingvellir National Park,Europe,Iceland,ğŸ‡®ğŸ‡¸,Cultural,No
Ä¦al Saflieni Hypogeum,Europe,Malta,ğŸ‡²ğŸ‡¹,Cultural,No
Å kocjan Caves,Europe,Slovenia,ğŸ‡¸ğŸ‡®,Natural,No
Å½atec and the Landscape of Saaz Hops,Europe,Czechia,ğŸ‡¨ğŸ‡¿,Cultural,No
Ç‚Khomani Cultural Landscape,Africa,South Africa,ğŸ‡¿ğŸ‡¦,Cultural,No
á¸¤imÄ Cultural Area,Asia,Saudi Arabia,ğŸ‡¸ğŸ‡¦,Cultural,No
â€˜Uruq Bani Maâ€™arid,Asia,Saudi Arabia,ğŸ‡¸ğŸ‡¦,Natural,No
